feature_id,mass_avg,rt_avg_min,height_avg,blank_to_sample_ratio,qc_presence_count,qc_presence_fraction,sample_presence_count,sample_presence_fraction,m1_presence_count,m12_presence_count,qc_rsd_percent,pass_blank_10pct,pass_qc_100pct,pass_qc_70pct,pass_sample_100pct,pass_sample_70pct_all,pass_group_70pct_at_least_one_timepoint,candidate_before_rsd,final_rsd_le_30,accepted_rsd_le_20,borderline_rsd_20_30,unstable_rsd_gt_30
F0001,337.336,3.75,913191,1.1626239547593744,10,1.0,39,0.975,19,20,,False,True,True,False,True,True,False,False,False,False,False
F0002,858.7724,32.06,1200377,0.0,10,1.0,40,1.0,20,20,10.773441904454499,True,True,True,True,True,True,True,True,True,False,False
F0003,832.7567,31.37,497496,0.0,10,1.0,40,1.0,20,20,11.534972572199178,True,True,True,True,True,True,True,True,True,False,False
F0004,804.7251,29.34,459096,0.0,10,1.0,40,1.0,20,20,12.272247409391994,True,True,True,True,True,True,True,True,True,False,False
F0005,830.7867,30.01,1371789,inf,0,0.0,0,0.0,0,0,,False,False,False,False,False,False,False,False,False,False,False
F0006,830.7559,29.94,1377277,inf,0,0.0,0,0.0,0,0,,False,False,False,False,False,False,False,False,False,False,False
F0007,776.6937,27.23,540354,0.0,10,1.0,40,1.0,20,20,14.313081965646163,True,True,True,True,True,True,True,True,True,False,False
F0008,856.7568,30.73,873071,0.0,10,1.0,40,1.0,20,20,11.999726882465971,True,True,True,True,True,True,True,True,True,False,False
F0009,802.7093,27.93,348856,0.0,9,0.9,35,0.875,20,15,41.44154426156486,True,False,True,False,True,True,True,False,False,False,True
F0010,860.7881,33.31,325606,0.0,10,1.0,40,1.0,20,20,11.506496268654763,True,True,True,True,True,True,True,True,True,False,False
F0011,748.6623,24.97,321731,0.0,10,1.0,40,1.0,20,20,13.570937223061291,True,True,True,True,True,True,True,True,True,False,False
F0012,785.5977,10.04,689042,0.0,10,1.0,40,1.0,20,20,18.740601918872045,True,True,True,True,True,True,True,True,True,False,False
F0013,882.7727,31.43,371662,0.0,10,1.0,40,1.0,20,20,12.187028231653949,True,True,True,True,True,True,True,True,True,False,False
F0014,884.7881,32.73,423773,0.0,10,1.0,40,1.0,20,20,12.21614467512146,True,True,True,True,True,True,True,True,True,False,False
F0015,774.6779,25.73,206587,0.0,10,1.0,40,1.0,20,20,18.609321134909653,True,True,True,True,True,True,True,True,True,False,False
F0016,830.7411,30.06,520701,0.0,10,1.0,40,1.0,20,20,12.753236523907244,True,True,True,True,True,True,True,True,True,False,False
F0017,828.7253,28.66,295819,0.0,10,1.0,40,1.0,20,20,25.654775346460067,True,True,True,True,True,True,True,True,False,True,False
F0018,778.7093,28.67,54738,0.0,9,0.9,36,0.9,17,19,56.889453801929335,True,False,True,False,True,True,True,False,False,False,True
F0019,750.6776,26.45,102778,0.0,10,1.0,40,1.0,20,20,16.504115932586767,True,True,True,True,True,True,True,True,True,False,False
F0020,786.666,12.83,414599,0.0,10,1.0,40,1.0,20,20,11.25829961166482,True,True,True,True,True,True,True,True,True,False,False
F0021,720.6306,22.6,182062,0.0,10,1.0,40,1.0,20,20,13.859915146189103,True,True,True,True,True,True,True,True,True,False,False
F0022,814.6973,15.28,297446,0.0,10,1.0,40,1.0,20,20,10.262107166313593,True,True,True,True,True,True,True,True,True,False,False
F0023,759.5821,9.29,374184,0.0,9,0.9,40,1.0,20,20,36.50882717976104,True,False,True,True,True,True,True,False,False,False,True
F0024,722.6462,24.11,122325,0.0,10,1.0,34,0.85,17,17,17.196395046541262,True,True,True,False,True,True,True,True,True,False,False
F0025,282.2572,2.56,446338,0.0,10,1.0,40,1.0,20,20,48.53710493950837,True,True,True,True,True,True,True,False,False,False,True
F0026,812.6817,13.15,317358,0.0,10,1.0,40,1.0,20,20,11.36922895872007,True,True,True,True,True,True,True,True,True,False,False
F0027,880.7567,30.07,182261,0.0,10,1.0,40,1.0,20,20,13.25337623522714,True,True,True,True,True,True,True,True,True,False,False
F0028,280.2415,2.22,402242,0.0,10,1.0,40,1.0,20,20,50.215625814275334,True,True,True,True,True,True,True,False,False,False,True
F0029,757.566,8.09,383107,0.0,10,1.0,40,1.0,20,20,10.026084756735457,True,True,True,True,True,True,True,True,True,False,False
F0030,733.5662,8.65,272741,0.0,10,1.0,36,0.9,20,16,34.17349732670617,True,True,True,False,True,True,True,False,False,False,True
F0031,800.6935,26.53,166334,0.0,10,1.0,39,0.975,20,19,26.914610315885934,True,True,True,False,True,True,True,True,False,True,False
F0032,800.7063,26.51,253639,inf,1,0.1,0,0.0,0,0,,False,False,False,False,False,False,False,False,False,False,False
F0033,854.7408,29.36,261724,0.0,10,1.0,40,1.0,20,20,13.984973861018243,True,True,True,True,True,True,True,True,True,False,False
F0034,917.8462,32.05,227948,0.0,10,1.0,40,1.0,20,20,7.337096131140382,True,True,True,True,True,True,True,True,True,False,False
F0035,835.7674,27.23,142853,0.0,9,0.9,40,1.0,20,20,36.37140221035686,True,False,True,True,True,True,True,False,False,False,True
F0036,694.6146,21.69,89078,0.0,10,1.0,40,1.0,20,20,16.487009944389854,True,True,True,True,True,True,True,True,True,False,False
F0037,863.7986,29.34,106852,0.0,10,1.0,40,1.0,20,20,10.46195464907055,True,True,True,True,True,True,True,True,True,False,False
F0038,891.8304,31.36,111937,0.0,10,1.0,40,1.0,20,20,7.903029086513859,True,True,True,True,True,True,True,True,True,False,False
F0039,746.6459,23.37,114301,0.0,1,0.1,31,0.775,20,11,,True,False,False,False,True,True,False,False,False,False,False
F0040,823.7665,30.67,58775,0.0,6,0.6,19,0.475,10,9,,True,False,False,False,False,False,False,False,False,False,False
F0041,309.3044,2.95,160236,1.243974895008432,10,1.0,25,0.625,12,13,,False,True,True,False,False,False,False,False,False,False,False
F0042,778.6653,28.56,332188,inf,0,0.0,0,0.0,0,0,,False,False,False,False,False,False,False,False,False,False,False
F0043,889.8147,30.05,129068,0.0,10,1.0,40,1.0,20,20,10.91066236808816,True,True,True,True,True,True,True,True,True,False,False
F0044,743.5507,9.91,239874,0.0,10,1.0,40,1.0,20,20,18.094853684483848,True,True,True,True,True,True,True,True,True,False,False
F0045,730.6031,8.54,269620,0.0,9,0.9,40,1.0,20,20,36.30179507044402,True,False,True,True,True,True,True,False,False,False,True
F0046,915.8304,30.73,172700,0.0,10,1.0,40,1.0,20,20,9.927657065594833,True,True,True,True,True,True,True,True,True,False,False
F0047,807.736,24.97,102694,0.0,10,1.0,35,0.875,18,17,16.181385256939883,True,True,True,False,True,True,True,True,True,False,False
F0048,528.3944,2.03,805961,0.4335494848798702,10,1.0,40,1.0,20,20,,False,True,True,True,True,True,False,False,False,False,False
F0049,783.5819,8.68,166401,0.0,10,1.0,40,1.0,20,20,13.780001971742777,True,True,True,True,True,True,True,True,True,False,False
F0050,861.7826,27.95,111381,0.0,3,0.3,32,0.8,20,12,,True,False,False,False,True,True,False,False,False,False,False
F0051,919.8618,33.31,99333,0.0,10,1.0,40,1.0,20,20,8.331422315370176,True,True,True,True,True,True,True,True,True,False,False
F0052,761.598,10.69,102032,0.0,10,1.0,37,0.925,20,17,15.520142582817847,True,True,True,False,True,True,True,True,True,False,False
F0053,758.6345,10.56,181347,0.0,10,1.0,39,0.975,20,19,14.260141656802784,True,True,True,False,True,True,True,True,True,False,False
F0054,692.5985,20.19,64047,0.0,10,1.0,36,0.9,20,16,12.899622926243289,True,True,True,False,True,True,True,True,True,False,False
F0055,802.7096,28.04,191724,0.0,10,1.0,20,0.5,5,15,10.58856991432822,True,True,True,False,False,True,True,True,True,False,False
F0056,886.8037,33.96,116079,0.0,10,1.0,40,1.0,20,20,12.674329236359988,True,True,True,True,True,True,True,True,True,False,False
F0057,750.6783,26.6,81424,0.0,0,0.0,5,0.125,4,1,,True,False,False,False,False,False,False,False,False,False,False
F0058,833.7515,25.72,71768,0.0,10,1.0,40,1.0,20,20,30.117409670438004,True,True,True,True,True,True,True,False,False,False,True
F0059,203.1167,1.08,622604,0.0,10,1.0,40,1.0,20,20,14.661677332990667,True,True,True,True,True,True,True,True,True,False,False
F0060,702.5711,6.83,209887,0.0,10,1.0,40,1.0,20,20,21.06948944463957,True,True,True,True,True,True,True,True,False,True,False
F0061,666.583,19.17,67349,0.0,10,1.0,29,0.725,18,11,17.569650663341257,True,True,True,False,True,True,True,True,True,False,False
F0062,752.6098,8.32,257264,0.26305878838152386,9,0.9,40,1.0,20,20,,False,False,True,True,True,True,False,False,False,False,False
F0063,943.8619,32.73,107155,0.0,10,1.0,40,1.0,20,20,13.904181816845341,True,True,True,True,True,True,True,True,True,False,False
F0064,809.7514,26.43,41172,0.0,10,1.0,37,0.925,17,20,30.360818914525765,True,True,True,False,True,True,True,False,False,False,True
F0065,779.7043,22.6,64787,0.0,10,1.0,40,1.0,20,20,12.916715028041015,True,True,True,True,True,True,True,True,True,False,False
F0066,781.7205,24.08,58989,0.0,5,0.5,22,0.55,11,11,,True,False,False,False,False,False,False,False,False,False,False
F0067,887.7987,28.66,77179,0.0,10,1.0,39,0.975,20,19,30.890753290105234,True,True,True,False,True,True,True,False,False,False,True
F0068,844.7561,31.07,41986,0.0,10,1.0,40,1.0,20,20,14.011350057636282,True,True,True,True,True,True,True,True,True,False,False
F0069,941.846,31.45,74402,0.0,10,1.0,40,1.0,20,20,8.757504543559321,True,True,True,True,True,True,True,True,True,False,False
F0070,330.2784,2.21,235291,0.0,10,1.0,25,0.625,14,11,35.108207477936624,True,True,True,False,False,True,True,False,False,False,True
F0071,278.2258,1.96,206557,0.0,8,0.8,34,0.85,16,18,53.97746393749232,True,False,True,False,True,True,True,False,False,False,True
F0072,495.3345,1.91,293330,0.0,10,1.0,40,1.0,20,20,24.91792921673802,True,True,True,True,True,True,True,True,False,True,False
F0073,396.4097,3.75,123110,1.178405830928786,10,1.0,39,0.975,19,20,,False,True,True,False,True,True,False,False,False,False,False
F0074,519.3346,1.8,308980,0.0,10,1.0,40,1.0,20,20,22.082886977029638,True,True,True,True,True,True,True,True,False,True,False
F0075,730.6342,8.44,137281,inf,1,0.1,0,0.0,0,0,,False,False,False,False,False,False,False,False,False,False,False
F0076,772.6615,24.19,47721,0.0,5,0.5,30,0.75,17,13,,True,False,False,False,True,True,False,False,False,False,False
F0077,834.771,32.63,38009,0.0,2,0.2,18,0.45,10,8,,True,False,False,False,False,False,False,False,False,False,False
F0078,718.6146,20.93,44381,0.0,10,1.0,40,1.0,20,20,21.048837112567387,True,True,True,True,True,True,True,True,False,True,False
F0079,818.7402,30.35,33595,0.0,9,0.9,37,0.925,17,20,37.847306996282235,True,False,True,False,True,True,True,False,False,False,True
F0080,878.7404,28.66,56407,0.0,10,1.0,34,0.85,20,14,30.53014539283391,True,True,True,False,True,True,True,False,False,False,True
F0081,826.7091,27.21,67840,0.0,10,1.0,40,1.0,20,20,24.29045470962349,True,True,True,True,True,True,True,True,False,True,False
F0082,790.7087,28.25,26506,0.0,8,0.8,32,0.8,16,16,56.30031261642385,True,False,True,False,True,True,True,False,False,False,True
F0083,787.613,11.41,70683,0.0,9,0.9,39,0.975,20,19,37.91674482145464,True,False,True,False,True,True,True,False,False,False,True
F0084,753.6885,21.69,43951,0.0,9,0.9,31,0.775,16,15,36.034525379969935,True,False,True,False,True,True,True,False,False,False,True
F0085,337.3454,3.75,442721,0.0,0,0.0,1,0.025,1,0,,True,False,False,False,False,False,False,False,False,False,False
F0086,722.6477,24.6,156916,inf,0,0.0,0,0.0,0,0,,False,False,False,False,False,False,False,False,False,False,False
F0087,213.0832,1.2,240600,0.7096932001837523,10,1.0,40,1.0,20,20,,False,True,True,True,True,True,False,False,False,False,False
F0088,674.7894,3.74,175882,0.0,2,0.2,1,0.025,1,0,,True,False,False,False,False,False,False,False,False,False,False
F0089,809.7522,26.65,39745,0.0,0,0.0,5,0.125,4,1,,True,False,False,False,False,False,False,False,False,False,False
F0090,800.6809,14.05,55741,0.0,10,1.0,39,0.975,19,20,10.809915708192584,True,True,True,False,True,True,True,True,True,False,False
F0091,805.7198,23.38,37312,0.0,10,1.0,40,1.0,20,20,13.158687683371609,True,True,True,True,True,True,True,True,True,False,False
F0092,859.7672,26.53,55542,0.0,9,0.9,40,1.0,20,20,36.87445688230815,True,False,True,True,True,True,True,False,False,False,True
F0093,837.7815,28.77,29957,0.0,1,0.1,5,0.125,2,3,,True,False,False,False,False,False,False,False,False,False,False
F0094,278.1531,1.52,187224,1.1332543776375752,10,1.0,40,1.0,20,20,,False,True,True,True,True,True,False,False,False,False,False
F0095,737.6436,7.38,183295,0.2518617470010705,10,1.0,40,1.0,20,20,,False,True,True,True,True,True,False,False,False,False,False
F0096,846.7714,32.35,24036,0.0,7,0.7,38,0.95,20,18,70.84806406300095,True,False,True,False,True,True,True,False,False,False,True
F0097,939.8296,30.08,35548,0.0,10,1.0,38,0.95,20,18,11.846764959901911,True,True,True,False,True,True,True,True,True,False,False
F0098,594.525,12.64,45927,0.0,10,1.0,40,1.0,20,20,16.034934436785598,True,True,True,True,True,True,True,True,True,False,False
F0099,887.8162,28.66,74150,0.0,1,0.1,1,0.025,0,1,,True,False,False,False,False,False,False,False,False,False,False
F0100,328.2415,2.09,126690,0.0,8,0.8,34,0.85,16,18,54.96468859849091,True,False,True,False,True,True,True,False,False,False,True
F0101,759.5998,9.35,160827,inf,1,0.1,0,0.0,0,0,,False,False,False,False,False,False,False,False,False,False,False
F0102,762.6772,26.08,23524,0.0,0,0.0,31,0.775,16,15,,True,False,False,False,True,True,False,False,False,False,False
F0103,781.7199,27.4,25190,0.0,0,0.0,3,0.075,0,3,,True,False,False,False,False,False,False,False,False,False,False
F0104,759.5699,9.36,148728,inf,1,0.1,0,0.0,0,0,,False,False,False,False,False,False,False,False,False,False,False
F0105,523.366,2.34,168490,0.0,10,1.0,40,1.0,20,20,25.40331614899954,True,True,True,True,True,True,True,True,False,True,False
F0106,842.7122,29.47,61885,inf,0,0.0,0,0.0,0,0,,False,False,False,False,False,False,False,False,False,False,False
F0107,837.7821,28.68,24124,0.0,6,0.6,28,0.7,13,15,,True,False,False,False,True,True,False,False,False,False,False
F0108,664.5672,17.73,34738,0.0,0,0.0,27,0.675,15,12,,True,False,False,False,False,True,False,False,False,False,False
F0109,638.5522,16.64,43592,0.0,9,0.9,19,0.475,11,8,,True,False,True,False,False,False,False,False,False,False,False
F0110,945.8772,33.96,53173,0.0,10,1.0,40,1.0,20,20,15.031616123797273,True,True,True,True,True,True,True,True,True,False,False
F0111,751.672,20.18,33897,0.0,0,0.0,34,0.85,20,14,,True,False,False,False,True,True,False,False,False,False,False
F0112,913.8141,29.35,53394,0.0,10,1.0,40,1.0,20,20,10.735176976752618,True,True,True,True,True,True,True,True,True,False,False
F0113,816.7163,28.95,42932,0.0,0,0.0,3,0.075,1,2,,True,False,False,False,False,False,False,False,False,False,False
F0114,833.7513,28.98,20683,0.0,0,0.0,25,0.625,14,11,,True,False,False,False,False,True,False,False,False,False,False
F0115,335.3204,3.16,78354,0.0,4,0.4,12,0.3,6,6,,True,False,False,False,False,False,False,False,False,False,False
F0116,330.2782,2.29,65808,0.0,7,0.7,33,0.825,14,19,111.18705595249207,True,False,True,False,True,True,True,False,False,False,True
F0117,618.5248,11.9,34557,0.0,10,1.0,11,0.275,11,0,,True,True,True,False,False,False,False,False,False,False,False
F0118,725.6567,19.17,28970,0.0,10,1.0,33,0.825,17,16,18.637842186800434,True,True,True,False,True,True,True,True,True,False,False
F0119,809.5963,10.06,41233,0.0,10,1.0,36,0.9,20,16,20.758376495647518,True,True,True,False,True,True,True,True,False,True,False
F0120,798.6776,24.99,45223,0.0,10,1.0,36,0.9,20,16,19.528308492042783,True,True,True,False,True,True,True,True,True,False,False
F0121,284.2726,3.01,76099,0.0,8,0.8,24,0.6,12,12,,True,False,True,False,False,False,False,False,False,False,False
F0122,861.7839,28.06,68883,0.0,9,0.9,10,0.25,2,8,,True,False,True,False,False,False,False,False,False,False,False
F0123,674.8819,3.74,213971,inf,1,0.1,0,0.0,0,0,,False,False,False,False,False,False,False,False,False,False,False
F0124,828.745,28.73,134073,inf,1,0.1,0,0.0,0,0,,False,False,False,False,False,False,False,False,False,False,False
F0125,818.74,30.2,31977,0.0,7,0.7,28,0.7,12,16,71.40371554759103,True,False,True,False,True,True,True,False,False,False,True
F0126,576.5143,32.06,41414,0.0,8,0.8,40,1.0,20,20,55.076112401236045,True,False,True,True,True,True,True,False,False,False,True
F0127,705.5348,6.97,68188,0.0,10,1.0,33,0.825,19,14,24.028451792718638,True,True,True,False,True,True,True,True,False,True,False
F0128,741.5345,8.58,59883,0.0,10,1.0,40,1.0,20,20,15.932505424529648,True,True,True,True,True,True,True,True,True,False,False
F0129,816.725,28.96,24179,0.0,0,0.0,6,0.15,3,3,,True,False,False,False,False,False,False,False,False,False,False
F0130,722.6744,24.03,86640,0.0,0,0.0,1,0.025,0,1,,True,False,False,False,False,False,False,False,False,False,False
F0131,852.7247,27.94,35893,0.0,9,0.9,40,1.0,20,20,40.99814557967629,True,False,True,True,True,True,True,False,False,False,True
F0132,870.7336,31.49,24400,0.0,0,0.0,7,0.175,2,5,,True,False,False,False,False,False,False,False,False,False,False
F0133,521.3503,2.04,135436,0.0,10,1.0,36,0.9,20,16,29.123661731941336,True,True,True,False,True,True,True,True,False,True,False
F0134,318.294,1.84,105834,0.0,2,0.2,8,0.2,4,4,,True,False,False,False,False,False,False,False,False,False,False
F0135,683.6097,19.27,54772,0.0,0,0.0,4,0.1,2,2,,True,False,False,False,False,False,False,False,False,False,False
F0136,872.7871,33.0,17054,0.0,10,1.0,36,0.9,20,16,23.433488938817888,True,True,True,False,True,True,True,True,False,True,False
F0137,849.9166,31.33,36347,0.0,0,0.0,14,0.35,8,6,,True,False,False,False,False,False,False,False,False,False,False
F0138,837.7826,28.56,21761,0.0,4,0.4,22,0.55,8,14,,True,False,False,False,False,True,False,False,False,False,False
F0139,814.649,27.23,27696,0.0,10,1.0,40,1.0,20,20,19.93559506305726,True,True,True,True,True,True,True,True,True,False,False
F0140,863.7981,32.19,23365,0.0,10,1.0,32,0.8,15,17,20.07376006040632,True,True,True,False,True,True,True,True,False,True,False
F0141,861.7831,27.92,64179,0.0,8,0.8,11,0.275,3,8,,True,False,True,False,False,False,False,False,False,False,False
F0142,786.6177,24.97,24054,0.0,10,1.0,39,0.975,20,19,16.792300831513096,True,True,True,False,True,True,True,True,True,False,False
F0143,812.6808,13.61,20541,0.0,9,0.9,23,0.575,11,12,,True,False,True,False,False,False,False,False,False,False,False
F0144,897.7822,30.73,20570,0.0,10,1.0,32,0.8,17,15,17.954746796136035,True,True,True,False,True,True,True,True,True,False,False
F0145,784.6491,11.24,21935,0.0,6,0.6,28,0.7,20,8,,True,False,False,False,True,True,False,False,False,False,False
F0146,788.6808,13.63,29674,0.0,10,1.0,16,0.4,4,12,,True,True,True,False,False,False,False,False,False,False,False
F0147,304.2415,2.18,81004,0.0,8,0.8,36,0.9,16,20,54.58657455508301,True,False,True,False,True,True,True,False,False,False,True
F0148,888.8182,35.16,15223,0.0,9,0.9,36,0.9,20,16,37.913809721167475,True,False,True,False,True,True,True,False,False,False,True
F0149,809.7509,29.62,28311,0.0,0,0.0,1,0.025,0,1,,True,False,False,False,False,False,False,False,False,False,False
F0150,840.6647,27.97,24596,0.0,10,1.0,40,1.0,20,20,23.29124743354142,True,True,True,True,True,True,True,True,False,True,False
F0151,752.6005,8.52,81769,0.0,1,0.1,1,0.025,1,0,,True,False,False,False,False,False,False,False,False,False,False
F0152,257.104,1.06,68462,0.0,10,1.0,39,0.975,20,19,41.84295095625697,True,True,True,False,True,True,True,False,False,False,True
F0153,793.8496,27.21,39876,0.0,0,0.0,16,0.4,10,6,,True,False,False,False,False,False,False,False,False,False,False
F0154,774.6766,25.77,71330,0.0,1,0.1,8,0.2,6,2,,True,False,False,False,False,False,False,False,False,False,False
F0155,894.712,30.72,33978,0.0,10,1.0,40,1.0,20,20,10.626764461222212,True,True,True,True,True,True,True,True,True,False,False
F0156,896.7278,32.03,32455,0.0,10,1.0,39,0.975,20,19,15.85575475528036,True,True,True,False,True,True,True,True,True,False,False
F0157,732.6181,9.24,27589,0.0,9,0.9,29,0.725,19,10,37.640023834933665,True,False,True,False,True,True,True,False,False,False,True
F0158,306.2571,2.4,57011,0.0,8,0.8,31,0.775,16,15,55.40719611722883,True,False,True,False,True,True,True,False,False,False,True
F0159,787.6278,11.33,68711,inf,1,0.1,0,0.0,0,0,,False,False,False,False,False,False,False,False,False,False,False
F0160,777.6878,20.93,26676,0.0,0,0.0,32,0.8,20,12,,True,False,False,False,True,True,False,False,False,False,False
F0161,847.9017,30.05,32161,0.0,0,0.0,23,0.575,12,11,,True,False,False,False,False,False,False,False,False,False,False
F0162,745.5656,11.24,43090,0.0,10,1.0,35,0.875,20,15,19.29978632233283,True,True,True,False,True,True,True,True,True,False,False
F0163,868.6963,30.04,24499,0.0,10,1.0,40,1.0,20,20,10.728299807274949,True,True,True,True,True,True,True,True,True,False,False
F0164,758.6338,10.89,40957,0.0,10,1.0,40,1.0,20,20,22.17407495175344,True,True,True,True,True,True,True,True,False,True,False
F0165,873.9191,30.73,41159,0.0,9,0.9,36,0.9,19,17,46.82209546681161,True,False,True,False,True,True,True,False,False,False,True
F0166,812.6335,25.7,23579,0.0,4,0.4,32,0.8,17,15,,True,False,False,False,True,True,False,False,False,False,False
F0167,722.6215,24.02,78953,0.0,0,0.0,1,0.025,0,1,,True,False,False,False,False,False,False,False,False,False,False
F0168,842.6946,29.35,22343,0.0,0,0.0,5,0.125,2,3,,True,False,False,False,False,False,False,False,False,False,False
F0169,898.7433,33.31,22442,0.0,10,1.0,40,1.0,20,20,11.858035875262377,True,True,True,True,True,True,True,True,True,False,False
F0170,620.5406,13.5,25890,0.0,10,1.0,16,0.4,15,1,28.369741347497325,True,True,True,False,False,True,True,True,False,True,False
F0171,731.5497,7.51,32083,0.0,9,0.9,30,0.75,20,10,41.62231068466837,True,False,True,False,True,True,True,False,False,False,True
F0172,730.591,8.56,111414,inf,1,0.1,0,0.0,0,0,,False,False,False,False,False,False,False,False,False,False,False
F0173,330.2568,2.3,62804,0.0,8,0.8,27,0.675,16,11,55.293169833938116,True,False,True,False,False,True,True,False,False,False,True
F0174,865.8138,30.87,32965,inf,0,0.0,0,0.0,0,0,,False,False,False,False,False,False,False,False,False,False,False
F0175,733.5831,8.71,83056,inf,1,0.1,0,0.0,0,0,,False,False,False,False,False,False,False,False,False,False,False
F0176,821.8848,29.31,30848,0.0,0,0.0,13,0.325,7,6,,True,False,False,False,False,False,False,False,False,False,False
F0177,781.5657,7.49,44263,0.0,9,0.9,32,0.8,20,12,41.90685724279755,True,False,True,False,True,True,True,False,False,False,True
F0178,592.509,11.13,26778,0.0,10,1.0,31,0.775,16,15,19.973028385891116,True,True,True,False,True,True,True,True,True,False,False
F0179,781.7195,24.16,30730,0.0,7,0.7,27,0.675,16,11,88.92148042153482,True,False,True,False,False,True,True,False,False,False,True
F0180,690.5843,18.47,27335,0.0,0,0.0,13,0.325,6,7,,True,False,False,False,False,False,False,False,False,False,False
F0181,861.7827,30.89,25950,0.0,1,0.1,19,0.475,10,9,,True,False,False,False,False,False,False,False,False,False,False
F0182,758.5859,22.59,22346,0.0,1,0.1,36,0.9,20,16,,True,False,False,False,True,True,False,False,False,False,False
F0183,905.8446,32.33,14231,0.0,7,0.7,30,0.75,14,16,70.87210622727267,True,False,True,False,True,True,True,False,False,False,True
F0184,746.619,23.3,56219,0.0,0,0.0,1,0.025,0,1,,True,False,False,False,False,False,False,False,False,False,False
F0185,231.1482,1.1,172978,0.0,10,1.0,40,1.0,20,20,17.9482925700967,True,True,True,True,True,True,True,True,True,False,False
F0186,831.7354,24.21,22071,0.0,0,0.0,24,0.6,15,9,,True,False,False,False,False,True,False,False,False,False,False
F0187,633.2142,0.98,83703,0.0,10,1.0,39,0.975,20,19,21.4507190161751,True,True,True,False,True,True,True,True,False,True,False
F0188,788.6937,26.79,15046,0.0,0,0.0,5,0.125,0,5,,True,False,False,False,False,False,False,False,False,False,False
F0189,576.5146,31.31,25755,0.0,0,0.0,11,0.275,7,4,,True,False,False,False,False,False,False,False,False,False,False
F0190,767.5504,9.98,36680,0.0,9,0.9,25,0.625,16,9,37.78193026245336,True,False,True,False,False,True,True,False,False,False,True
F0191,922.7434,32.73,25428,0.0,10,1.0,40,1.0,20,20,9.386607263529491,True,True,True,True,True,True,True,True,True,False,False
F0192,566.4933,10.4,22916,0.0,10,1.0,32,0.8,16,16,22.299867570716508,True,True,True,False,True,True,True,True,False,True,False
F0193,781.5651,8.11,30271,0.0,9,0.9,28,0.7,16,12,41.09582476601129,True,False,True,False,True,True,True,False,False,False,True
F0194,351.3154,1.85,134504,inf,2,0.2,0,0.0,0,0,,False,False,False,False,False,False,False,False,False,False,False
F0195,807.7354,25.08,53887,0.0,0,0.0,7,0.175,3,4,,True,False,False,False,False,False,False,False,False,False,False
F0196,920.7276,31.45,19624,0.0,10,1.0,36,0.9,20,16,11.814956103754866,True,True,True,False,True,True,True,True,True,False,False
F0197,722.6457,24.24,38468,0.0,5,0.5,22,0.55,15,7,,True,False,False,False,False,True,False,False,False,False,False
F0198,761.6565,21.8,17403,0.0,0,0.0,26,0.65,16,10,,True,False,False,False,False,True,False,False,False,False,False
F0199,903.8292,31.07,20948,0.0,3,0.3,35,0.875,19,16,,True,False,False,False,True,True,False,False,False,False,False
F0200,893.8453,32.62,21941,0.0,2,0.2,8,0.2,4,4,,True,False,False,False,False,False,False,False,False,False,False
F0201,753.6885,25.16,21412,0.0,0,0.0,4,0.1,0,4,,True,False,False,False,False,False,False,False,False,False,False
F0202,849.7825,28.23,17224,0.0,0,0.0,23,0.575,12,11,,True,False,False,False,False,False,False,False,False,False,False
F0203,674.5394,5.45,56410,0.0,10,1.0,40,1.0,20,20,10.786230865872495,True,True,True,True,True,True,True,True,True,False,False
F0204,837.781,31.68,16291,0.0,0,0.0,2,0.05,1,1,,True,False,False,False,False,False,False,False,False,False,False
F0205,746.6459,23.44,39786,0.0,7,0.7,16,0.4,7,9,,True,False,True,False,False,False,False,False,False,False,False
F0206,866.6806,28.66,20931,0.0,9,0.9,39,0.975,20,19,38.77258940798895,True,False,True,False,True,True,True,False,False,False,True
F0207,937.8136,28.68,22030,0.0,9,0.9,19,0.475,11,8,,True,False,True,False,False,False,False,False,False,False,False
F0208,786.6649,13.19,29213,0.0,4,0.4,23,0.575,13,10,,True,False,False,False,False,False,False,False,False,False,False
F0209,358.3098,2.88,38154,0.0,10,1.0,20,0.5,15,5,72.0751996498063,True,True,True,False,False,True,True,False,False,False,True
F0210,760.6017,24.11,16098,0.0,5,0.5,19,0.475,10,9,,True,False,False,False,False,False,False,False,False,False,False
F0211,353.3311,2.17,102476,0.0,2,0.2,1,0.025,1,0,,True,False,False,False,False,False,False,False,False,False,False
F0212,302.2254,1.94,69742,0.0,8,0.8,16,0.4,12,4,,True,False,True,False,False,False,False,False,False,False,False
F0213,733.5556,8.7,74293,inf,1,0.1,0,0.0,0,0,,False,False,False,False,False,False,False,False,False,False,False
F0214,842.6813,29.34,18704,0.0,10,1.0,32,0.8,15,17,11.189924032191335,True,True,True,False,True,True,True,True,True,False,False
F0215,758.6575,10.59,65584,0.0,0,0.0,1,0.025,0,1,,True,False,False,False,False,False,False,False,False,False,False
F0216,616.5083,10.43,15836,0.0,9,0.9,9,0.225,9,0,,True,False,True,False,False,False,False,False,False,False,False
F0217,810.6649,11.67,19903,0.0,4,0.4,26,0.65,20,6,,True,False,False,False,False,True,False,False,False,False,False
F0218,342.1176,1.04,140950,0.0,10,1.0,37,0.925,20,17,34.64497947752363,True,True,True,False,True,True,True,False,False,False,True
F0219,807.7348,24.97,58224,0.0,0,0.0,5,0.125,4,1,,True,False,False,False,False,False,False,False,False,False,False
F0220,674.931,3.74,92181,inf,2,0.2,0,0.0,0,0,,False,False,False,False,False,False,False,False,False,False,False
F0221,910.8026,33.3,16271,0.0,9,0.9,28,0.7,20,8,40.48384349735624,True,False,True,False,True,True,True,False,False,False,True
F0222,862.8025,34.5,19753,0.0,2,0.2,7,0.175,2,5,,True,False,False,False,False,False,False,False,False,False,False
F0223,865.8133,30.6,20921,0.0,2,0.2,10,0.25,4,6,,True,False,False,False,False,False,False,False,False,False,False
F0224,959.8923,32.06,23609,0.0,10,1.0,40,1.0,20,20,37.422829408852024,True,True,True,True,True,True,True,False,False,False,True
F0225,912.8182,34.54,15967,0.0,10,1.0,27,0.675,19,8,17.450508325084975,True,True,True,False,False,True,True,True,True,False,False
F0226,877.8145,30.3,23837,0.0,2,0.2,15,0.375,9,6,,True,False,False,False,False,False,False,False,False,False,False
F0227,697.6255,16.63,20303,0.0,10,1.0,18,0.45,10,8,,True,True,True,False,False,False,False,False,False,False,False
F0228,781.7193,24.31,24441,0.0,1,0.1,6,0.15,4,2,,True,False,False,False,False,False,False,False,False,False,False
F0229,610.5201,14.15,22552,0.0,10,1.0,16,0.4,8,8,,True,True,True,False,False,False,False,False,False,False,False
F0230,494.4356,27.16,28122,0.0,0,0.0,8,0.2,4,4,,True,False,False,False,False,False,False,False,False,False,False
F0231,723.6412,17.72,20457,0.0,0,0.0,16,0.4,4,12,,True,False,False,False,False,False,False,False,False,False,False
F0232,878.7597,28.66,38676,0.0,1,0.1,1,0.025,0,1,,True,False,False,False,False,False,False,False,False,False,False
F0233,772.6615,24.29,27357,0.0,8,0.8,14,0.35,5,9,,True,False,True,False,False,False,False,False,False,False,False
F0234,887.7981,31.72,14744,0.0,4,0.4,32,0.8,20,12,,True,False,False,False,True,True,False,False,False,False,False
F0235,784.6015,23.37,16886,0.0,0,0.0,25,0.625,15,10,,True,False,False,False,False,True,False,False,False,False,False
F0236,538.4617,8.42,17631,0.0,9,0.9,28,0.7,16,12,40.32108602827007,True,False,True,False,True,True,True,False,False,False,True
F0237,732.5707,21.68,17530,0.0,1,0.1,18,0.45,10,8,,True,False,False,False,False,False,False,False,False,False,False
F0238,734.6464,23.73,20372,0.0,0,0.0,3,0.075,0,3,,True,False,False,False,False,False,False,False,False,False,False
F0239,788.6333,26.4,13994,0.0,0,0.0,12,0.3,6,6,,True,False,False,False,False,False,False,False,False,False,False
F0240,877.8138,27.23,17642,0.0,6,0.6,32,0.8,16,16,,True,False,False,False,True,True,False,False,False,False,False
F0241,528.3942,1.93,130477,0.7032037591585437,8,0.8,24,0.6,13,11,,False,False,True,False,False,False,False,False,False,False,False
F0242,851.797,32.75,40320,inf,0,0.0,0,0.0,0,0,,False,False,False,False,False,False,False,False,False,False,False
F0243,486.3472,2.01,84714,0.5824388122857966,10,1.0,40,1.0,20,20,,False,True,True,True,True,True,False,False,False,False,False
F0244,947.892,35.14,11346,0.0,7,0.7,23,0.575,18,5,73.22585740934491,True,False,True,False,False,True,True,False,False,False,True
F0245,870.7136,31.35,20937,0.0,10,1.0,30,0.75,15,15,12.840912448972663,True,True,True,False,True,True,True,True,True,False,False
F0246,760.6492,11.32,24149,0.0,4,0.4,8,0.2,0,8,,True,False,False,False,False,False,False,False,False,False,False
F0247,204.0795,1.53,82690,0.0,4,0.4,14,0.35,10,4,,True,False,False,False,False,False,False,False,False,False,False
F0248,548.4829,30.03,23207,0.0,0,0.0,17,0.425,9,8,,True,False,False,False,False,False,False,False,False,False,False
F0249,730.6013,8.73,35221,0.0,0,0.0,17,0.425,10,7,,True,False,False,False,False,False,False,False,False,False,False
F0250,905.8451,29.32,14873,0.0,2,0.2,28,0.7,12,16,,True,False,False,False,True,True,False,False,False,False,False
F0251,918.7112,30.09,14767,0.0,10,1.0,16,0.4,8,8,,True,True,True,False,False,False,False,False,False,False,False
F0252,821.7512,26.04,17999,0.0,0,0.0,12,0.3,8,4,,True,False,False,False,False,False,False,False,False,False,False
F0253,933.8765,31.36,13416,0.0,7,0.7,27,0.675,13,14,87.71539502980522,True,False,True,False,False,True,True,False,False,False,True
F0254,723.5235,9.16,28999,0.0,6,0.6,18,0.45,14,4,,True,False,False,False,False,True,False,False,False,False,False
F0255,246.1378,1.09,59863,0.0,1,0.1,26,0.65,14,12,,True,False,False,False,False,True,False,False,False,False,False
F0256,814.6962,13.97,31159,0.0,0,0.0,4,0.1,0,4,,True,False,False,False,False,False,False,False,False,False,False
F0257,256.2412,2.38,49099,0.0,8,0.8,18,0.45,12,6,,True,False,True,False,False,False,False,False,False,False,False
F0258,481.3188,2.32,41607,0.0,10,1.0,24,0.6,16,8,30.14073543617278,True,True,True,False,False,True,True,False,False,False,True
F0259,522.4672,29.28,28316,0.0,0,0.0,4,0.1,0,4,,True,False,False,False,False,False,False,False,False,False,False
F0260,733.5643,8.8,39519,0.0,1,0.1,5,0.125,0,5,,True,False,False,False,False,False,False,False,False,False,False
F0261,759.5828,9.33,88979,0.0,0,0.0,1,0.025,0,1,,True,False,False,False,False,False,False,False,False,False,False
F0262,725.6568,22.82,18346,0.0,0,0.0,1,0.025,0,1,,True,False,False,False,False,False,False,False,False,False,False
F0263,294.2568,3.33,67962,0.0,4,0.4,16,0.4,12,4,,True,False,False,False,False,False,False,False,False,False,False
F0264,602.5302,32.06,21968,0.0,3,0.3,24,0.6,16,8,,True,False,False,False,False,True,False,False,False,False,False
F0265,896.7277,32.1,30751,0.0,1,0.1,12,0.3,6,6,,True,False,False,False,False,False,False,False,False,False,False
F0266,356.2937,2.46,37581,0.0,10,1.0,21,0.525,16,5,45.54132745960723,True,True,True,False,False,True,True,False,False,False,True
F0267,775.6806,25.88,29459,0.0,0,0.0,5,0.125,4,1,,True,False,False,False,False,False,False,False,False,False,False
F0268,931.8607,30.05,15455,0.0,4,0.4,34,0.85,18,16,,True,False,False,False,True,True,False,False,False,False,False
F0269,666.5834,19.21,24926,0.0,0,0.0,14,0.35,3,11,,True,False,False,False,False,False,False,False,False,False,False
F0270,875.7991,28.92,15183,0.0,0,0.0,12,0.3,8,4,,True,False,False,False,False,False,False,False,False,False,False
F0271,895.766,29.36,15186,0.0,0,0.0,16,0.4,11,5,,True,False,False,False,False,False,False,False,False,False,False
F0272,885.7822,27.2,16714,0.0,9,0.9,35,0.875,20,15,38.770600558067635,True,False,True,False,True,True,True,False,False,False,True
F0273,761.6093,10.76,30247,0.0,0,0.0,3,0.075,0,3,,True,False,False,False,False,False,False,False,False,False,False
F0274,923.7972,30.89,15133,0.0,0,0.0,10,0.25,9,1,,True,False,False,False,False,False,False,False,False,False,False
F0275,823.7665,30.93,73900,inf,0,0.0,0,0.0,0,0,,False,False,False,False,False,False,False,False,False,False,False
F0276,869.7505,28.67,18819,0.0,0,0.0,8,0.2,4,4,,True,False,False,False,False,False,False,False,False,False,False
F0277,320.3093,3.74,64279,inf,2,0.2,0,0.0,0,0,,False,False,False,False,False,False,False,False,False,False,False
F0278,653.5984,12.64,29249,0.0,10,1.0,20,0.5,16,4,25.05709967043336,True,True,True,False,False,True,True,True,False,True,False
F0279,896.7272,31.92,30449,0.0,0,0.0,8,0.2,5,3,,True,False,False,False,False,False,False,False,False,False,False
F0280,635.4206,1.85,66891,inf,0,0.0,0,0.0,0,0,,False,False,False,False,False,False,False,False,False,False,False
F0281,833.7498,25.91,32018,0.0,2,0.2,7,0.175,5,2,,True,False,False,False,False,False,False,False,False,False,False
F0282,311.3204,3.53,84688,inf,2,0.2,0,0.0,0,0,,False,False,False,False,False,False,False,False,False,False,False
F0283,923.7971,31.43,14028,0.0,0,0.0,21,0.525,14,7,,True,False,False,False,False,True,False,False,False,False,False
F0284,368.3784,2.94,70016,inf,2,0.2,0,0.0,0,0,,False,False,False,False,False,False,False,False,False,False,False
F0285,245.164,1.11,71740,0.0,4,0.4,12,0.3,4,8,,True,False,False,False,False,False,False,False,False,False,False
F0286,892.6959,29.36,15630,0.0,10,1.0,40,1.0,20,20,11.735362389122287,True,True,True,True,True,True,True,True,True,False,False
F0287,704.5864,7.44,21906,0.0,9,0.9,27,0.675,20,7,38.138292800379,True,False,True,False,False,True,True,False,False,False,True
F0288,217.1327,1.09,84574,0.0,4,0.4,14,0.35,9,5,,True,False,False,False,False,False,False,False,False,False,False
F0289,365.3673,4.81,62653,inf,2,0.2,0,0.0,0,0,,False,False,False,False,False,False,False,False,False,False,False
F0290,745.6019,10.63,27836,inf,0,0.0,0,0.0,0,0,,False,False,False,False,False,False,False,False,False,False,False
F0291,711.6425,22.42,27907,inf,0,0.0,0,0.0,0,0,,False,False,False,False,False,False,False,False,False,False,False
F0292,576.5144,29.28,26602,0.0,0,0.0,4,0.1,0,4,,True,False,False,False,False,False,False,False,False,False,False
F0293,219.1116,1.02,109081,0.0,8,0.8,29,0.725,16,13,53.50186204258781,True,False,True,False,True,True,True,False,False,False,True
F0294,778.7083,28.61,58959,0.0,5,0.5,12,0.3,5,7,,True,False,False,False,False,False,False,False,False,False,False
F0295,771.271,21.74,30745,0.0,0,0.0,2,0.05,2,0,,True,False,False,False,False,False,False,False,False,False,False
F0296,512.4458,7.79,16854,0.0,9,0.9,22,0.55,16,6,47.0894801219845,True,False,True,False,False,True,True,False,False,False,True
F0297,710.5626,8.23,47521,0.35727447036189197,10,1.0,40,1.0,20,20,,False,True,True,True,True,True,False,False,False,False,False
F0298,550.4981,31.32,26626,0.0,0,0.0,2,0.05,0,2,,True,False,False,False,False,False,False,False,False,False,False
F0299,548.483,29.27,24125,0.0,0,0.0,4,0.1,0,4,,True,False,False,False,False,False,False,False,False,False,False
F0300,479.3032,2.02,37997,0.0,7,0.7,20,0.5,12,8,,True,False,True,False,False,False,False,False,False,False,False
F0301,838.649,26.53,18467,0.0,9,0.9,36,0.9,20,16,40.21805792888734,True,False,True,False,True,True,True,False,False,False,True
F0302,717.5345,9.17,26137,0.0,9,0.9,32,0.8,20,12,37.82541447213596,True,False,True,False,True,True,True,False,False,False,True
F0303,957.8765,30.73,17818,0.0,10,1.0,40,1.0,20,20,36.281737810474475,True,True,True,True,True,True,True,False,False,False,True
F0304,781.5893,7.48,61080,inf,1,0.1,0,0.0,0,0,,False,False,False,False,False,False,False,False,False,False,False
F0305,746.6463,23.31,38901,0.0,3,0.3,2,0.05,1,1,,True,False,False,False,False,False,False,False,False,False,False
F0306,849.7827,24.93,16077,0.0,1,0.1,20,0.5,9,11,,True,False,False,False,False,False,False,False,False,False,False
F0307,298.252,1.65,17454,0.0,8,0.8,21,0.525,15,6,71.56010173533309,True,False,True,False,False,True,True,False,False,False,True
F0308,354.278,2.14,27332,0.0,7,0.7,7,0.175,7,0,,True,False,True,False,False,False,False,False,False,False,False
F0309,576.5143,27.18,22577,0.0,0,0.0,10,0.25,6,4,,True,False,False,False,False,False,False,False,False,False,False
F0310,751.5548,11.24,24072,0.0,0,0.0,16,0.4,12,4,,True,False,False,False,False,False,False,False,False,False,False
F0311,638.5511,16.68,22415,0.0,1,0.1,19,0.475,12,7,,True,False,False,False,False,False,False,False,False,False,False
F0312,296.2362,1.47,20025,0.0,8,0.8,21,0.525,13,8,,True,False,True,False,False,False,False,False,False,False,False
F0313,811.6126,10.82,18633,0.0,0,0.0,20,0.5,20,0,,True,False,False,False,False,True,False,False,False,False,False
F0314,903.8316,32.04,16306,0.0,0,0.0,17,0.425,11,6,,True,False,False,False,False,False,False,False,False,False,False
F0315,683.622,19.11,55058,0.0,0,0.0,1,0.025,1,0,,True,False,False,False,False,False,False,False,False,False,False
F0316,793.8518,27.14,39422,0.0,0,0.0,4,0.1,2,2,,True,False,False,False,False,False,False,False,False,False,False
F0317,802.7087,27.9,36697,0.0,0,0.0,3,0.075,3,0,,True,False,False,False,False,False,False,False,False,False,False
F0318,816.6793,28.86,18554,inf,0,0.0,0,0.0,0,0,,False,False,False,False,False,False,False,False,False,False,False
F0319,778.7285,28.75,35500,inf,1,0.1,0,0.0,0,0,,False,False,False,False,False,False,False,False,False,False,False
F0320,602.4607,2.56,53589,0.0,7,0.7,16,0.4,12,4,,True,False,True,False,False,False,False,False,False,False,False
F0321,901.9548,32.76,19407,0.0,6,0.6,14,0.35,10,4,,True,False,False,False,False,False,False,False,False,False,False
F0322,674.99,3.74,85015,inf,0,0.0,0,0.0,0,0,,False,False,False,False,False,False,False,False,False,False,False
F0323,466.4047,24.93,26632,inf,0,0.0,0,0.0,0,0,,False,False,False,False,False,False,False,False,False,False,False
F0324,208.1475,2.45,61000,inf,2,0.2,0,0.0,0,0,,False,False,False,False,False,False,False,False,False,False,False
F0325,809.7508,29.47,17793,0.0,0,0.0,4,0.1,1,3,,True,False,False,False,False,False,False,False,False,False,False
F0326,891.8293,34.19,15907,inf,0,0.0,0,0.0,0,0,,False,False,False,False,False,False,False,False,False,False,False
F0327,899.9376,31.46,20128,0.0,0,0.0,17,0.425,9,8,,True,False,False,False,False,False,False,False,False,False,False
F0328,816.7112,16.09,22348,0.0,0,0.0,4,0.1,0,4,,True,False,False,False,False,False,False,False,False,False,False
F0329,863.7985,27.19,12743,0.0,0,0.0,1,0.025,0,1,,True,False,False,False,False,False,False,False,False,False,False
F0330,871.7667,29.96,23281,inf,0,0.0,0,0.0,0,0,,False,False,False,False,False,False,False,False,False,False,False
F0331,704.5389,19.14,17429,0.0,0,0.0,9,0.225,4,5,,True,False,False,False,False,False,False,False,False,False,False
F0332,903.8291,27.96,13455,0.0,1,0.1,24,0.6,15,9,,True,False,False,False,False,True,False,False,False,False,False
F0333,795.736,25.22,15010,0.0,0,0.0,1,0.025,0,1,,True,False,False,False,False,False,False,False,False,False,False
F0334,845.2902,25.09,24488,0.0,0,0.0,2,0.05,2,0,,True,False,False,False,False,False,False,False,False,False,False
F0335,632.4805,12.64,22341,0.0,10,1.0,21,0.525,16,5,24.208853536145398,True,True,True,False,False,True,True,True,False,True,False
F0336,356.2937,2.37,42919,0.0,10,1.0,10,0.25,10,0,,True,True,True,False,False,False,False,False,False,False,False
F0337,859.7662,29.7,16984,0.0,6,0.6,36,0.9,20,16,,True,False,False,False,True,True,False,False,False,False,False
F0338,697.2524,18.14,31723,0.0,0,0.0,2,0.05,2,0,,True,False,False,False,False,False,False,False,False,False,False
F0339,931.8608,32.99,12070,0.0,0,0.0,23,0.575,13,10,,True,False,False,False,False,False,False,False,False,False,False
F0340,730.555,20.18,15512,0.0,0,0.0,14,0.35,8,6,,True,False,False,False,False,False,False,False,False,False,False
F0341,312.2677,2.2,56732,0.0,10,1.0,16,0.4,12,4,,True,True,True,False,False,False,False,False,False,False,False
F0342,924.7588,33.96,14855,0.0,10,1.0,36,0.9,20,16,12.95794438103331,True,True,True,False,True,True,True,True,True,False,False
F0343,772.6492,11.69,14431,0.0,2,0.2,6,0.15,2,4,,True,False,False,False,False,False,False,False,False,False,False
F0344,520.4517,27.18,27021,0.0,0,0.0,2,0.05,0,2,,True,False,False,False,False,False,False,False,False,False,False
F0345,727.5546,11.2,18030,0.0,3,0.3,24,0.6,20,4,,True,False,False,False,False,True,False,False,False,False,False
F0346,893.7502,27.25,15454,0.0,7,0.7,15,0.375,8,7,,True,False,True,False,False,False,False,False,False,False,False
F0347,852.7205,29.95,26840,0.0,1,0.1,3,0.075,3,0,,True,False,False,False,False,False,False,False,False,False,False
F0348,369.3262,1.55,28378,inf,2,0.2,0,0.0,0,0,,False,False,False,False,False,False,False,False,False,False,False
F0349,837.7965,28.63,22212,0.0,0,0.0,1,0.025,0,1,,True,False,False,False,False,False,False,False,False,False,False
F0350,843.7355,27.9,17801,inf,0,0.0,0,0.0,0,0,,False,False,False,False,False,False,False,False,False,False,False
F0351,857.7509,24.99,16989,0.0,2,0.2,28,0.7,16,12,,True,False,False,False,True,True,False,False,False,False,False
F0352,781.7195,25.18,16895,inf,0,0.0,0,0.0,0,0,,False,False,False,False,False,False,False,False,False,False,False
F0353,904.7555,30.37,12682,0.0,10,1.0,22,0.55,15,7,20.565282440798917,True,True,True,False,False,True,True,True,False,True,False
F0354,785.7506,9.98,31018,0.0,2,0.2,14,0.35,11,3,,True,False,False,False,False,False,False,False,False,False,False
F0355,699.5234,9.13,23954,0.0,8,0.8,26,0.65,18,8,55.18098179373433,True,False,True,False,False,True,True,False,False,False,True
F0356,749.6577,18.47,14466,0.0,0,0.0,8,0.2,2,6,,True,False,False,False,False,False,False,False,False,False,False
F0357,831.7346,24.32,20557,0.0,1,0.1,11,0.275,6,5,,True,False,False,False,False,False,False,False,False,False,False
F0358,302.2467,1.86,19011,0.0,10,1.0,21,0.525,13,8,,True,True,True,False,False,False,False,False,False,False,False
F0359,921.8764,34.5,13808,0.0,2,0.2,5,0.125,2,3,,True,False,False,False,False,False,False,False,False,False,False
F0360,414.2069,1.28,35290,0.0,1,0.1,2,0.05,2,0,,True,False,False,False,False,False,False,False,False,False,False
F0361,765.8182,24.87,39387,0.0,0,0.0,1,0.025,0,1,,True,False,False,False,False,False,False,False,False,False,False
F0362,574.4985,30.73,18298,0.0,0,0.0,14,0.35,10,4,,True,False,False,False,False,False,False,False,False,False,False
F0363,326.0028,1.28,96848,0.0,1,0.1,1,0.025,1,0,,True,False,False,False,False,False,False,False,False,False,False
F0364,339.3519,4.61,54331,inf,2,0.2,0,0.0,0,0,,False,False,False,False,False,False,False,False,False,False,False
F0365,841.7199,26.51,16215,0.0,0,0.0,3,0.075,0,3,,True,False,False,False,False,False,False,False,False,False,False
F0366,800.6958,26.61,31978,0.0,0,0.0,2,0.05,1,1,,True,False,False,False,False,False,False,False,False,False,False
F0367,784.6495,11.43,18000,0.0,9,0.9,29,0.725,19,10,45.223059835280395,True,False,True,False,True,True,True,False,False,False,True
F0368,675.0533,3.74,67305,inf,1,0.1,0,0.0,0,0,,False,False,False,False,False,False,False,False,False,False,False
F0369,627.1906,2.97,32943,0.0,3,0.3,6,0.15,3,3,,True,False,False,False,False,False,False,False,False,False,False
F0370,620.5403,13.46,12562,0.0,1,0.1,10,0.25,3,7,,True,False,False,False,False,False,False,False,False,False,False
F0371,520.451,27.99,25656,inf,0,0.0,0,0.0,0,0,,False,False,False,False,False,False,False,False,False,False,False
F0372,653.5629,15.15,20453,0.0,0,0.0,8,0.2,2,6,,True,False,False,False,False,False,False,False,False,False,False
F0373,328.0,1.27,90473,0.0,1,0.1,1,0.025,1,0,,True,False,False,False,False,False,False,False,False,False,False
F0374,899.7977,31.98,15198,0.0,0,0.0,3,0.075,2,1,,True,False,False,False,False,False,False,False,False,False,False
F0375,296.2718,3.95,56997,0.0,0,0.0,8,0.2,8,0,,True,False,False,False,False,False,False,False,False,False,False
F0376,332.2726,2.62,31129,0.0,8,0.8,20,0.5,16,4,58.498980010056165,True,False,True,False,False,True,True,False,False,False,True
F0377,807.5797,8.65,16079,0.0,0,0.0,10,0.25,6,4,,True,False,False,False,False,False,False,False,False,False,False
F0378,438.4571,3.75,21451,0.0,4,0.4,16,0.4,8,8,,True,False,False,False,False,False,False,False,False,False,False
F0379,568.509,11.88,13400,0.0,10,1.0,13,0.325,9,4,,True,True,True,False,False,False,False,False,False,False,False
F0380,656.4795,11.9,17531,0.0,2,0.2,8,0.2,8,0,,True,False,False,False,False,False,False,False,False,False,False
F0381,961.9078,33.31,10627,0.0,2,0.2,25,0.625,14,11,,True,False,False,False,False,True,False,False,False,False,False
F0382,484.4146,6.12,17343,0.0,10,1.0,12,0.3,8,4,,True,True,True,False,False,False,False,False,False,False,False
F0383,701.2099,3.98,25128,0.0,4,0.4,7,0.175,3,4,,True,False,False,False,False,False,False,False,False,False,False
F0384,308.2723,2.73,19438,0.0,8,0.8,14,0.35,12,2,,True,False,True,False,False,False,False,False,False,False,False
F0385,795.7357,31.4,14470,inf,0,0.0,0,0.0,0,0,,False,False,False,False,False,False,False,False,False,False,False
F0386,719.5857,9.93,26777,inf,0,0.0,0,0.0,0,0,,False,False,False,False,False,False,False,False,False,False,False
F0387,578.5298,33.29,20622,inf,0,0.0,0,0.0,0,0,,False,False,False,False,False,False,False,False,False,False,False
F0388,375.2917,3.74,23980,0.0,2,0.2,1,0.025,1,0,,True,False,False,False,False,False,False,False,False,False,False
F0389,845.884,28.66,24283,0.0,0,0.0,4,0.1,0,4,,True,False,False,False,False,False,False,False,False,False,False
F0390,770.6451,22.68,15287,0.0,0,0.0,19,0.475,11,8,,True,False,False,False,False,False,False,False,False,False,False
F0391,564.4773,9.01,12615,0.0,10,1.0,20,0.5,16,4,34.80046397852675,True,True,True,False,False,True,True,False,False,False,True
F0392,753.688,21.74,18358,0.0,0,0.0,7,0.175,2,5,,True,False,False,False,False,False,False,False,False,False,False
F0393,777.6887,24.51,17682,inf,0,0.0,0,0.0,0,0,,False,False,False,False,False,False,False,False,False,False,False
F0394,902.8094,32.05,10461,0.0,8,0.8,34,0.85,17,17,54.716426240630625,True,False,True,False,True,True,True,False,False,False,True
F0395,540.4776,9.7,14834,0.0,10,1.0,15,0.375,11,4,,True,True,True,False,False,False,False,False,False,False,False
F0396,971.8918,34.52,10948,0.0,7,0.7,17,0.425,14,3,73.5815457309784,True,False,True,False,False,True,True,False,False,False,True
F0397,747.5813,9.65,18282,0.0,0,0.0,4,0.1,4,0,,True,False,False,False,False,False,False,False,False,False,False
F0398,467.3025,1.61,38600,0.0,2,0.2,14,0.35,10,4,,True,False,False,False,False,False,False,False,False,False,False
F0399,523.3655,2.21,32214,0.0,7,0.7,24,0.6,16,8,75.05641361924359,True,False,True,False,False,True,True,False,False,False,True
F0400,576.5137,30.72,19366,0.0,0,0.0,9,0.225,5,4,,True,False,False,False,False,False,False,False,False,False,False
F0401,602.5305,9.9,19941,0.0,0,0.0,20,0.5,12,8,,True,False,False,False,False,False,False,False,False,False,False
F0402,527.3879,2.03,47603,0.0,10,1.0,36,0.9,16,20,16.560775153526006,True,True,True,False,True,True,True,True,True,False,False
F0403,481.3183,1.74,34889,0.0,4,0.4,26,0.65,14,12,,True,False,False,False,False,True,False,False,False,False,False
F0404,690.581,18.48,18429,0.0,0,0.0,10,0.25,6,4,,True,False,False,False,False,False,False,False,False,False,False
F0405,756.5704,20.92,14324,0.0,0,0.0,11,0.275,4,7,,True,False,False,False,False,False,False,False,False,False,False
F0406,931.8605,35.68,11656,0.0,2,0.2,17,0.425,17,0,,True,False,False,False,False,True,False,False,False,False,False
F0407,330.2418,1.87,26146,inf,7,0.7,0,0.0,0,0,,False,False,True,False,False,False,False,False,False,False,False
F0408,318.1967,2.22,38404,0.0,4,0.4,10,0.25,6,4,,True,False,False,False,False,False,False,False,False,False,False
F0409,677.5973,11.9,18443,0.0,1,0.1,8,0.2,8,0,,True,False,False,False,False,False,False,False,False,False,False
F0410,353.331,1.84,40775,inf,1,0.1,0,0.0,0,0,,False,False,False,False,False,False,False,False,False,False,False
F0411,719.5504,7.81,20239,0.0,0,0.0,10,0.25,10,0,,True,False,False,False,False,False,False,False,False,False,False
F0412,983.8918,31.46,11639,0.0,2,0.2,20,0.5,12,8,,True,False,False,False,False,False,False,False,False,False,False
F0413,823.5526,10.0,16898,0.0,3,0.3,24,0.6,20,4,,True,False,False,False,False,True,False,False,False,False,False
F0414,822.7522,29.46,38701,0.0,0,0.0,2,0.05,2,0,,True,False,False,False,False,False,False,False,False,False,False
F0415,901.8139,29.69,12255,0.0,0,0.0,20,0.5,8,12,,True,False,False,False,False,False,False,False,False,False,False
F0416,512.4573,7.76,17709,inf,2,0.2,0,0.0,0,0,,False,False,False,False,False,False,False,False,False,False,False
F0417,630.4647,11.13,17752,0.0,10,1.0,16,0.4,15,1,15.84980242840966,True,True,True,False,False,True,True,True,True,False,False
F0418,831.7364,27.53,17699,inf,0,0.0,0,0.0,0,0,,False,False,False,False,False,False,False,False,False,False,False
F0419,564.5618,11.11,21117,1.0750272865138195,10,1.0,30,0.75,16,14,,False,True,True,False,True,True,False,False,False,False,False
F0420,463.3071,2.24,51768,0.0,0,0.0,4,0.1,4,0,,True,False,False,False,False,False,False,False,False,False,False
F0421,771.5812,9.0,15774,0.0,0,0.0,7,0.175,4,3,,True,False,False,False,False,False,False,False,False,False,False
F0422,786.7929,12.76,25508,0.0,0,0.0,7,0.175,4,3,,True,False,False,False,False,False,False,False,False,False,False
F0423,397.2275,1.66,56465,0.0,0,0.0,4,0.1,4,0,,True,False,False,False,False,False,False,False,False,False,False
F0424,407.3031,2.57,40677,inf,2,0.2,0,0.0,0,0,,False,False,False,False,False,False,False,False,False,False,False
F0425,985.9076,32.75,11654,0.0,10,1.0,27,0.675,16,11,44.051401196100095,True,True,True,False,False,True,True,False,False,False,True
F0426,679.5773,15.99,16618,0.0,0,0.0,4,0.1,0,4,,True,False,False,False,False,False,False,False,False,False,False
F0427,715.5185,7.98,20050,0.0,9,0.9,19,0.475,7,12,,True,False,True,False,False,False,False,False,False,False,False
F0428,775.2285,5.4,21393,0.0,4,0.4,5,0.125,3,2,,True,False,False,False,False,False,False,False,False,False,False
F0429,753.6869,21.66,18696,0.0,1,0.1,4,0.1,3,1,,True,False,False,False,False,False,False,False,False,False,False
F0430,394.3941,3.16,44707,inf,0,0.0,0,0.0,0,0,,False,False,False,False,False,False,False,False,False,False,False
F0431,243.1847,1.13,22007,0.0,8,0.8,21,0.525,9,12,,True,False,True,False,False,False,False,False,False,False,False
F0432,760.602,24.06,18692,0.0,0,0.0,4,0.1,4,0,,True,False,False,False,False,False,False,False,False,False,False
F0433,877.8128,30.18,17296,0.0,1,0.1,11,0.275,2,9,,True,False,False,False,False,False,False,False,False,False,False
F0434,368.2341,2.21,33454,0.0,8,0.8,4,0.1,4,0,,True,False,True,False,False,False,False,False,False,False,False
F0435,731.5708,7.47,23205,inf,1,0.1,0,0.0,0,0,,False,False,False,False,False,False,False,False,False,False,False
F0436,760.5764,9.29,60272,inf,1,0.1,0,0.0,0,0,,False,False,False,False,False,False,False,False,False,False,False
F0437,812.6328,25.78,14545,0.0,6,0.6,13,0.325,8,5,,True,False,False,False,False,False,False,False,False,False,False
F0438,294.2201,1.42,23837,0.0,2,0.2,14,0.35,8,6,,True,False,False,False,False,False,False,False,False,False,False
F0439,809.7462,26.46,14578,0.0,1,0.1,3,0.075,3,0,,True,False,False,False,False,False,False,False,False,False,False
F0440,877.8128,30.37,13146,0.0,7,0.7,16,0.4,5,11,,True,False,True,False,False,False,False,False,False,False,False
F0441,756.618,9.23,16483,0.0,1,0.1,21,0.525,17,4,,True,False,False,False,False,True,False,False,False,False,False
F0442,701.5391,10.42,18443,0.0,0,0.0,6,0.15,5,1,,True,False,False,False,False,False,False,False,False,False,False
F0443,280.2418,1.5,26334,0.0,2,0.2,5,0.125,0,5,,True,False,False,False,False,False,False,False,False,False,False
F0444,919.3075,28.15,18619,0.0,0,0.0,2,0.05,2,0,,True,False,False,False,False,False,False,False,False,False,False
F0445,333.3048,2.75,33554,inf,0,0.0,0,0.0,0,0,,False,False,False,False,False,False,False,False,False,False,False
F0446,711.6429,23.13,14987,inf,0,0.0,0,0.0,0,0,,False,False,False,False,False,False,False,False,False,False,False
F0447,337.2269,1.52,44714,0.0,2,0.2,5,0.125,5,0,,True,False,False,False,False,False,False,False,False,False,False
F0448,823.7662,30.66,14360,0.0,5,0.5,21,0.525,10,11,,True,False,False,False,False,False,False,False,False,False,False
F0449,728.5863,7.38,18169,0.0,2,0.2,21,0.525,17,4,,True,False,False,False,False,True,False,False,False,False,False
F0450,576.5144,33.29,18160,inf,0,0.0,0,0.0,0,0,,False,False,False,False,False,False,False,False,False,False,False
F0451,602.4694,2.57,51167,inf,1,0.1,0,0.0,0,0,,False,False,False,False,False,False,False,False,False,False,False
F0452,477.2873,1.79,34915,0.0,10,1.0,17,0.425,9,8,,True,True,True,False,False,False,False,False,False,False,False
F0453,824.6208,12.81,14557,0.0,3,0.3,21,0.525,13,8,,True,False,False,False,False,False,False,False,False,False,False
F0454,803.7042,21.8,12378,inf,0,0.0,0,0.0,0,0,,False,False,False,False,False,False,False,False,False,False,False
F0455,254.2255,2.07,35517,0.0,8,0.8,20,0.5,15,5,53.816795176525524,True,False,True,False,False,True,True,False,False,False,True
F0456,900.7933,30.74,10479,0.0,9,0.9,33,0.825,18,15,42.20583056552375,True,False,True,False,True,True,True,False,False,False,True
F0457,903.8304,31.06,13181,0.0,7,0.7,6,0.15,1,5,,True,False,True,False,False,False,False,False,False,False,False
F0458,885.7823,30.4,11931,0.0,0,0.0,6,0.15,2,4,,True,False,False,False,False,False,False,False,False,False,False
F0459,753.6894,22.39,15297,inf,0,0.0,0,0.0,0,0,,False,False,False,False,False,False,False,False,False,False,False
F0460,815.7046,25.67,15797,inf,0,0.0,0,0.0,0,0,,False,False,False,False,False,False,False,False,False,False,False
F0461,536.4458,7.2,13595,0.0,10,1.0,12,0.3,12,0,,True,True,True,False,False,False,False,False,False,False,False
F0462,875.7988,25.69,13054,0.0,0,0.0,14,0.35,8,6,,True,False,False,False,False,False,False,False,False,False,False
F0463,889.8157,27.94,13291,0.0,4,0.4,27,0.675,19,8,,True,False,False,False,False,True,False,False,False,False,False
F0464,548.4833,24.9,23803,inf,0,0.0,0,0.0,0,0,,False,False,False,False,False,False,False,False,False,False,False
F0465,548.4829,27.12,22283,inf,0,0.0,0,0.0,0,0,,False,False,False,False,False,False,False,False,False,False,False
F0466,658.496,13.47,15782,0.0,7,0.7,8,0.2,8,0,,True,False,True,False,False,False,False,False,False,False,False
F0467,833.5966,9.81,16305,0.0,0,0.0,16,0.4,16,0,,True,False,False,False,False,True,False,False,False,False,False
F0468,767.7047,30.09,12181,inf,0,0.0,0,0.0,0,0,,False,False,False,False,False,False,False,False,False,False,False
F0469,412.4047,1.83,42535,inf,0,0.0,0,0.0,0,0,,False,False,False,False,False,False,False,False,False,False,False
F0470,863.7984,32.41,15733,0.0,3,0.3,2,0.05,0,2,,True,False,False,False,False,False,False,False,False,False,False
F0471,791.55,9.74,18635,0.0,0,0.0,14,0.35,13,1,,True,False,False,False,False,False,False,False,False,False,False
F0472,821.7514,22.57,14361,0.0,0,0.0,12,0.3,8,4,,True,False,False,False,False,False,False,False,False,False,False
F0473,291.0967,0.99,62229,0.0,3,0.3,16,0.4,7,9,,True,False,False,False,False,False,False,False,False,False,False
F0474,852.6519,15.23,13061,0.0,0,0.0,16,0.4,10,6,,True,False,False,False,False,False,False,False,False,False,False
F0475,342.2899,1.41,28135,0.0,8,0.8,19,0.475,12,7,,True,False,True,False,False,False,False,False,False,False,False
F0476,744.6177,9.52,12696,0.0,0,0.0,2,0.05,2,0,,True,False,False,False,False,False,False,False,False,False,False
F0477,574.4983,29.97,17834,inf,0,0.0,0,0.0,0,0,,False,False,False,False,False,False,False,False,False,False,False
F0478,407.3029,2.44,32117,inf,2,0.2,0,0.0,0,0,,False,False,False,False,False,False,False,False,False,False,False
F0479,810.6178,24.21,10742,0.0,0,0.0,1,0.025,0,1,,True,False,False,False,False,False,False,False,False,False,False
F0480,320.2118,2.56,32611,0.0,6,0.6,14,0.35,11,3,,True,False,False,False,False,False,False,False,False,False,False
F0481,847.7674,26.83,13494,inf,0,0.0,0,0.0,0,0,,False,False,False,False,False,False,False,False,False,False,False
F0482,669.5937,14.11,17420,inf,0,0.0,0,0.0,0,0,,False,False,False,False,False,False,False,False,False,False,False
F0483,923.7991,30.98,13576,0.0,0,0.0,5,0.125,4,1,,True,False,False,False,False,False,False,False,False,False,False
F0484,841.7191,25.71,14284,0.0,0,0.0,18,0.45,8,10,,True,False,False,False,False,False,False,False,False,False,False
F0485,711.6404,22.02,23656,0.0,0,0.0,1,0.025,1,0,,True,False,False,False,False,False,False,False,False,False,False
F0486,667.5877,19.28,20232,0.0,0,0.0,1,0.025,0,1,,True,False,False,False,False,False,False,False,False,False,False
F0487,227.19,1.18,47871,inf,0,0.0,0,0.0,0,0,,False,False,False,False,False,False,False,False,False,False,False
F0488,921.7817,30.09,13381,0.0,0,0.0,8,0.2,4,4,,True,False,False,False,False,False,False,False,False,False,False
F0489,925.8136,32.73,13233,0.0,0,0.0,4,0.1,4,0,,True,False,False,False,False,False,False,False,False,False,False
F0490,553.1707,2.28,28394,0.0,2,0.2,5,0.125,3,2,,True,False,False,False,False,False,False,False,False,False,False
F0491,969.8747,33.27,12064,0.0,0,0.0,7,0.175,7,0,,True,False,False,False,False,False,False,False,False,False,False
F0492,651.5825,11.13,17294,0.0,10,1.0,8,0.2,8,0,,True,True,True,False,False,False,False,False,False,False,False
F0493,610.5321,14.14,21554,0.0,0,0.0,1,0.025,1,0,,True,False,False,False,False,False,False,False,False,False,False
F0494,604.4486,10.4,16936,0.0,8,0.8,4,0.1,4,0,,True,False,True,False,False,False,False,False,False,False,False
F0495,723.5333,9.15,28654,0.0,0,0.0,2,0.05,2,0,,True,False,False,False,False,False,False,False,False,False,False
F0496,284.2732,4.12,37842,0.0,0,0.0,2,0.05,2,0,,True,False,False,False,False,False,False,False,False,False,False
F0497,625.5665,10.4,17893,0.0,9,0.9,5,0.125,5,0,,True,False,True,False,False,False,False,False,False,False,False
F0498,850.6363,13.13,14535,0.0,0,0.0,21,0.525,17,4,,True,False,False,False,False,True,False,False,False,False,False
F0499,851.797,29.58,11985,inf,0,0.0,0,0.0,0,0,,False,False,False,False,False,False,False,False,False,False,False
F0500,916.6949,28.67,12968,0.0,2,0.2,4,0.1,4,0,,True,False,False,False,False,False,False,False,False,False,False
F0501,679.614,13.48,14979,0.0,9,0.9,8,0.2,8,0,,True,False,True,False,False,False,False,False,False,False,False
F0502,578.5319,30.69,17410,0.0,0,0.0,2,0.05,1,1,,True,False,False,False,False,False,False,False,False,False,False
F0503,359.2831,3.15,39971,0.0,0,0.0,8,0.2,8,0,,True,False,False,False,False,False,False,False,False,False,False
F0504,494.4358,26.4,18508,inf,0,0.0,0,0.0,0,0,,False,False,False,False,False,False,False,False,False,False,False
F0505,323.1227,1.0,31573,0.0,10,1.0,18,0.45,8,10,,True,True,True,False,False,False,False,False,False,False,False
F0506,656.2284,0.97,39517,0.0,0,0.0,13,0.325,13,0,,True,False,False,False,False,False,False,False,False,False,False
F0507,949.8131,31.63,11645,0.0,0,0.0,5,0.125,4,1,,True,False,False,False,False,False,False,False,False,False,False
F0508,320.2165,2.57,36435,inf,1,0.1,0,0.0,0,0,,False,False,False,False,False,False,False,False,False,False,False
F0509,281.2727,2.38,24263,0.0,5,0.5,4,0.1,2,2,,True,False,False,False,False,False,False,False,False,False,False
F0510,520.4518,24.89,19233,inf,0,0.0,0,0.0,0,0,,False,False,False,False,False,False,False,False,False,False,False
F0511,444.3948,2.45,38775,inf,2,0.2,0,0.0,0,0,,False,False,False,False,False,False,False,False,False,False,False
F0512,849.2477,7.3,16271,0.0,4,0.4,4,0.1,2,2,,True,False,False,False,False,False,False,False,False,False,False
F0513,743.5865,9.31,15525,inf,0,0.0,0,0.0,0,0,,False,False,False,False,False,False,False,False,False,False,False
F0514,807.7346,28.26,18366,0.0,0,0.0,2,0.05,1,1,,True,False,False,False,False,False,False,False,False,False,False
F0515,342.1267,1.04,84790,0.0,0,0.0,1,0.025,0,1,,True,False,False,False,False,False,False,False,False,False,False
F0516,925.8129,32.21,14344,0.0,0,0.0,3,0.075,2,1,,True,False,False,False,False,False,False,False,False,False,False
F0517,851.799,26.39,11632,0.0,0,0.0,1,0.025,0,1,,True,False,False,False,False,False,False,False,False,False,False
F0518,303.2788,1.54,42312,inf,2,0.2,0,0.0,0,0,,False,False,False,False,False,False,False,False,False,False,False
F0519,929.8463,28.62,11473,0.0,0,0.0,10,0.25,6,4,,True,False,False,False,False,False,False,False,False,False,False
F0520,725.5391,9.75,14524,0.0,0,0.0,5,0.125,5,0,,True,False,False,False,False,False,False,False,False,False,False
F0521,335.3205,2.17,44202,inf,0,0.0,0,0.0,0,0,,False,False,False,False,False,False,False,False,False,False,False
F0522,273.0862,1.0,59473,0.0,2,0.2,12,0.3,8,4,,True,False,False,False,False,False,False,False,False,False,False
F0523,676.5088,16.6,14419,inf,0,0.0,0,0.0,0,0,,False,False,False,False,False,False,False,False,False,False,False
F0524,596.5406,14.29,13480,0.0,10,1.0,5,0.125,4,1,,True,True,True,False,False,False,False,False,False,False,False
F0525,798.6644,12.07,13727,inf,0,0.0,0,0.0,0,0,,False,False,False,False,False,False,False,False,False,False,False
F0526,823.7674,24.07,11207,0.0,0,0.0,7,0.175,4,3,,True,False,False,False,False,False,False,False,False,False,False
F0527,323.3205,3.31,38352,inf,0,0.0,0,0.0,0,0,,False,False,False,False,False,False,False,False,False,False,False
F0528,773.2698,21.74,18818,0.0,0,0.0,2,0.05,2,0,,True,False,False,False,False,False,False,False,False,False,False
F0529,520.4516,22.55,18380,inf,0,0.0,0,0.0,0,0,,False,False,False,False,False,False,False,False,False,False,False
F0530,929.8443,31.7,9995,0.0,0,0.0,3,0.075,1,2,,True,False,False,False,False,False,False,False,False,False,False
F0531,741.5703,9.19,16944,0.0,0,0.0,14,0.35,10,4,,True,False,False,False,False,False,False,False,False,False,False
F0532,602.5305,32.72,16604,0.0,8,0.8,8,0.2,8,0,,True,False,True,False,False,False,False,False,False,False,False
F0533,618.5242,11.92,9423,0.0,1,0.1,17,0.425,6,11,,True,False,False,False,False,False,False,False,False,False,False
F0534,618.4432,1.71,26237,inf,0,0.0,0,0.0,0,0,,False,False,False,False,False,False,False,False,False,False,False
F0535,215.0565,1.07,22441,0.0,0,0.0,19,0.475,7,12,,True,False,False,False,False,False,False,False,False,False,False
F0536,928.8244,32.76,9124,0.0,8,0.8,15,0.375,10,5,,True,False,True,False,False,False,False,False,False,False,False
F0537,947.7975,31.09,12098,0.0,4,0.4,21,0.525,13,8,,True,False,False,False,False,False,False,False,False,False,False
F0538,566.3502,2.02,25266,0.0,10,1.0,40,1.0,20,20,15.002754517473118,True,True,True,True,True,True,True,True,True,False,False
F0539,912.8285,34.48,12638,0.0,0,0.0,1,0.025,1,0,,True,False,False,False,False,False,False,False,False,False,False
F0540,654.4632,10.4,16624,0.0,0,0.0,4,0.1,4,0,,True,False,False,False,False,False,False,False,False,False,False
F0541,697.6253,16.73,14916,0.0,0,0.0,2,0.05,2,0,,True,False,False,False,False,False,False,False,False,False,False
F0542,1289.4431,0.94,15054,0.0,4,0.4,32,0.8,20,12,,True,False,False,False,True,True,False,False,False,False,False
F0543,847.2897,25.1,17565,0.0,0,0.0,2,0.05,2,0,,True,False,False,False,False,False,False,False,False,False,False
F0544,598.4278,2.22,34739,0.0,1,0.1,4,0.1,4,0,,True,False,False,False,False,False,False,False,False,False,False
F0545,759.708,9.22,26286,inf,0,0.0,0,0.0,0,0,,False,False,False,False,False,False,False,False,False,False,False
F0546,437.2934,2.11,43155,inf,0,0.0,0,0.0,0,0,,False,False,False,False,False,False,False,False,False,False,False
F0547,576.4174,8.43,16961,0.0,3,0.3,5,0.125,5,0,,True,False,False,False,False,False,False,False,False,False,False
F0548,602.5293,30.03,16806,inf,0,0.0,0,0.0,0,0,,False,False,False,False,False,False,False,False,False,False,False
F0549,291.1043,1.0,62355,0.0,0,0.0,1,0.025,0,1,,True,False,False,False,False,False,False,False,False,False,False
F0550,222.1604,1.63,22699,0.0,8,0.8,16,0.4,12,4,,True,False,True,False,False,False,False,False,False,False,False
F0551,697.6259,20.41,11740,inf,0,0.0,0,0.0,0,0,,False,False,False,False,False,False,False,False,False,False,False
F0552,717.5706,9.84,18437,inf,0,0.0,0,0.0,0,0,,False,False,False,False,False,False,False,False,False,False,False
F0553,998.3471,0.96,28207,0.0,0,0.0,20,0.5,20,0,,True,False,False,False,False,True,False,False,False,False,False
F0554,690.5828,18.48,17079,0.0,0,0.0,4,0.1,4,0,,True,False,False,False,False,False,False,False,False,False,False
F0555,599.5157,11.72,15062,inf,6,0.6,0,0.0,0,0,,False,False,False,False,False,False,False,False,False,False,False
F0556,736.6625,25.02,13017,0.0,0,0.0,3,0.075,0,3,,True,False,False,False,False,False,False,False,False,False,False
F0557,926.8077,31.43,10579,0.0,0,0.0,6,0.15,6,0,,True,False,False,False,False,False,False,False,False,False,False
F0558,590.4931,9.75,8162,0.0,7,0.7,11,0.275,11,0,,True,False,True,False,False,False,False,False,False,False,False
F0559,543.3334,1.79,25956,0.0,6,0.6,13,0.325,9,4,,True,False,False,False,False,False,False,False,False,False,False
F0560,745.5655,8.31,15780,inf,0,0.0,0,0.0,0,0,,False,False,False,False,False,False,False,False,False,False,False
F0561,769.5662,10.66,16641,0.0,0,0.0,4,0.1,4,0,,True,False,False,False,False,False,False,False,False,False,False
F0562,771.5368,8.7,13542,0.0,0,0.0,3,0.075,3,0,,True,False,False,False,False,False,False,False,False,False,False
F0563,627.5477,14.29,20462,inf,0,0.0,0,0.0,0,0,,False,False,False,False,False,False,False,False,False,False,False
F0564,784.6624,11.35,14963,inf,1,0.1,0,0.0,0,0,,False,False,False,False,False,False,False,False,False,False,False
F0565,870.7129,31.16,20710,0.0,0,0.0,1,0.025,0,1,,True,False,False,False,False,False,False,False,False,False,False
F0566,569.5422,5.62,20082,0.0,10,1.0,39,0.975,20,19,10.923649716944697,True,True,True,False,True,True,True,True,True,False,False
F0567,945.876,32.01,9733,0.0,0,0.0,7,0.175,5,2,,True,False,False,False,False,False,False,False,False,False,False
F0568,905.8655,35.2,13577,inf,1,0.1,0,0.0,0,0,,False,False,False,False,False,False,False,False,False,False,False
F0569,993.3264,30.93,13581,0.0,0,0.0,2,0.05,2,0,,True,False,False,False,False,False,False,False,False,False,False
F0570,226.1694,1.13,48399,0.0,0,0.0,1,0.025,1,0,,True,False,False,False,False,False,False,False,False,False,False
F0571,869.7518,28.31,17925,inf,0,0.0,0,0.0,0,0,,False,False,False,False,False,False,False,False,False,False,False
F0572,412.4049,2.17,35754,inf,0,0.0,0,0.0,0,0,,False,False,False,False,False,False,False,False,False,False,False
F0573,789.6279,12.84,12242,0.0,0,0.0,6,0.15,6,0,,True,False,False,False,False,False,False,False,False,False,False
F0574,604.5459,33.29,14940,inf,0,0.0,0,0.0,0,0,,False,False,False,False,False,False,False,False,False,False,False
F0575,882.7126,31.02,11046,inf,0,0.0,0,0.0,0,0,,False,False,False,False,False,False,False,False,False,False,False
F0576,1236.6555,1.01,16004,0.0,0,0.0,3,0.075,0,3,,True,False,False,False,False,False,False,False,False,False,False
F0577,510.4292,6.72,10251,0.0,0,0.0,8,0.2,8,0,,True,False,False,False,False,False,False,False,False,False,False
F0578,623.2331,14.45,16101,0.0,0,0.0,2,0.05,2,0,,True,False,False,False,False,False,False,False,False,False,False
F0579,893.7509,28.25,10758,0.0,0,0.0,3,0.075,3,0,,True,False,False,False,False,False,False,False,False,False,False
F0580,826.6966,14.24,11852,inf,0,0.0,0,0.0,0,0,,False,False,False,False,False,False,False,False,False,False,False
F0581,897.9212,30.07,18411,0.0,0,0.0,4,0.1,4,0,,True,False,False,False,False,False,False,False,False,False,False
F0582,811.7681,29.25,12344,1.0163280028856558,9,0.9,36,0.9,18,18,,False,False,True,False,True,True,False,False,False,False,False
F0583,812.8123,13.13,18117,0.0,0,0.0,6,0.15,6,0,,True,False,False,False,False,False,False,False,False,False,False
F0584,521.3495,1.93,31286,0.0,2,0.2,13,0.325,10,3,,True,False,False,False,False,False,False,False,False,False,False
F0585,833.75,28.88,10850,0.0,0,0.0,7,0.175,2,5,,True,False,False,False,False,False,False,False,False,False,False
F0586,597.5349,8.44,18064,0.0,1,0.1,4,0.1,4,0,,True,False,False,False,False,False,False,False,False,False,False
F0587,699.5326,9.13,21672,0.0,0,0.0,2,0.05,2,0,,True,False,False,False,False,False,False,False,False,False,False
F0588,536.5296,8.97,16570,0.0,3,0.3,14,0.35,6,8,,True,False,False,False,False,False,False,False,False,False,False
F0589,286.2531,3.45,30094,0.0,0,0.0,2,0.05,2,0,,True,False,False,False,False,False,False,False,False,False,False
F0590,676.5549,5.95,18726,0.0,0,0.0,4,0.1,0,4,,True,False,False,False,False,False,False,False,False,False,False
F0591,749.5395,9.72,14124,0.0,0,0.0,4,0.1,4,0,,True,False,False,False,False,False,False,False,False,False,False
F0592,963.8279,30.33,9988,0.0,0,0.0,4,0.1,4,0,,True,False,False,False,False,False,False,False,False,False,False
F0593,923.2672,9.65,12324,0.0,3,0.3,4,0.1,2,2,,True,False,False,False,False,False,False,False,False,False,False
F0594,973.9076,35.68,8722,0.0,0,0.0,10,0.25,10,0,,True,False,False,False,False,False,False,False,False,False,False
F0595,797.5381,9.24,12924,0.0,0,0.0,2,0.05,2,0,,True,False,False,False,False,False,False,False,False,False,False
F0596,307.2889,2.53,31269,inf,0,0.0,0,0.0,0,0,,False,False,False,False,False,False,False,False,False,False,False
F0597,737.7854,22.57,18081,inf,0,0.0,0,0.0,0,0,,False,False,False,False,False,False,False,False,False,False,False
F0598,818.7153,25.68,9753,inf,0,0.0,0,0.0,0,0,,False,False,False,False,False,False,False,False,False,False,False
F0599,828.7214,30.59,11548,0.0,0,0.0,1,0.025,0,1,,True,False,False,False,False,False,False,False,False,False,False
F0600,307.2888,1.59,30294,inf,0,0.0,0,0.0,0,0,,False,False,False,False,False,False,False,False,False,False,False
F0601,310.2881,3.21,14958,0.0,8,0.8,8,0.2,8,0,,True,False,True,False,False,False,False,False,False,False,False
F0602,444.3949,2.58,31365,inf,0,0.0,0,0.0,0,0,,False,False,False,False,False,False,False,False,False,False,False
F0603,318.2564,3.26,30654,0.0,0,0.0,5,0.125,5,0,,True,False,False,False,False,False,False,False,False,False,False
F0604,755.5499,7.0,12921,0.0,5,0.5,8,0.2,8,0,,True,False,False,False,False,False,False,False,False,False,False
F0605,765.533,8.61,15642,0.0,0,0.0,4,0.1,4,0,,True,False,False,False,False,False,False,False,False,False,False
F0606,370.0953,2.29,24858,0.0,1,0.1,4,0.1,3,1,,True,False,False,False,False,False,False,False,False,False,False
F0607,893.8433,32.64,13277,0.0,0,0.0,1,0.025,0,1,,True,False,False,False,False,False,False,False,False,False,False
F0608,951.8291,32.91,12817,inf,0,0.0,0,0.0,0,0,,False,False,False,False,False,False,False,False,False,False,False
F0609,576.5133,30.01,13805,inf,0,0.0,0,0.0,0,0,,False,False,False,False,False,False,False,False,False,False,False
F0610,867.7363,27.53,10693,inf,0,0.0,0,0.0,0,0,,False,False,False,False,False,False,False,False,False,False,False
F0611,206.1528,1.2,25719,0.0,2,0.2,25,0.625,15,10,,True,False,False,False,False,True,False,False,False,False,False
F0612,273.0933,0.99,49684,0.0,0,0.0,1,0.025,0,1,,True,False,False,False,False,False,False,False,False,False,False
F0613,287.283,1.63,40816,0.0,0,0.0,4,0.1,2,2,,True,False,False,False,False,False,False,False,False,False,False
F0614,227.1897,2.58,33981,inf,2,0.2,0,0.0,0,0,,False,False,False,False,False,False,False,False,False,False,False
F0615,494.436,21.67,14618,inf,0,0.0,0,0.0,0,0,,False,False,False,False,False,False,False,False,False,False,False
F0616,921.3068,28.15,14731,0.0,0,0.0,2,0.05,2,0,,True,False,False,False,False,False,False,False,False,False,False
F0617,456.383,4.79,13712,0.0,10,1.0,8,0.2,8,0,,True,True,True,False,False,False,False,False,False,False,False
F0618,768.5581,8.52,14243,0.0,0,0.0,10,0.25,6,4,,True,False,False,False,False,False,False,False,False,False,False
F0619,981.8748,30.07,12195,0.0,0,0.0,4,0.1,4,0,,True,False,False,False,False,False,False,False,False,False,False
F0620,602.5295,6.6,17100,0.0,0,0.0,2,0.05,0,2,,True,False,False,False,False,False,False,False,False,False,False
F0621,699.2515,18.14,15664,0.0,0,0.0,2,0.05,2,0,,True,False,False,False,False,False,False,False,False,False,False
F0622,821.7507,31.04,9739,inf,0,0.0,0,0.0,0,0,,False,False,False,False,False,False,False,False,False,False,False
F0623,839.7044,25.32,11447,0.0,0,0.0,4,0.1,4,0,,True,False,False,False,False,False,False,False,False,False,False
F0624,538.4729,8.41,13994,inf,1,0.1,0,0.0,0,0,,False,False,False,False,False,False,False,False,False,False,False
F0625,795.7353,21.69,10310,0.0,0,0.0,5,0.125,4,1,,True,False,False,False,False,False,False,False,False,False,False
F0626,867.7355,26.8,10967,inf,0,0.0,0,0.0,0,0,,False,False,False,False,False,False,False,False,False,False,False
F0627,366.197,2.11,29386,0.0,0,0.0,8,0.2,4,4,,True,False,False,False,False,False,False,False,False,False,False
F0628,767.7048,22.85,10971,inf,0,0.0,0,0.0,0,0,,False,False,False,False,False,False,False,False,False,False,False
F0629,884.7175,2.56,16809,0.0,7,0.7,11,0.275,8,3,,True,False,True,False,False,False,False,False,False,False,False
F0630,529.3965,1.93,44149,inf,1,0.1,0,0.0,0,0,,False,False,False,False,False,False,False,False,False,False,False
F0631,807.7361,28.07,13696,0.0,0,0.0,2,0.05,1,1,,True,False,False,False,False,False,False,False,False,False,False
F0632,702.5216,17.69,10236,inf,0,0.0,0,0.0,0,0,,False,False,False,False,False,False,False,False,False,False,False
F0633,703.209,3.98,20524,0.0,1,0.1,3,0.075,2,1,,True,False,False,False,False,False,False,False,False,False,False
F0634,849.7823,36.65,15140,inf,0,0.0,0,0.0,0,0,,False,False,False,False,False,False,False,False,False,False,False
F0635,857.7515,28.25,11958,inf,0,0.0,0,0.0,0,0,,False,False,False,False,False,False,False,False,False,False,False
F0636,304.2385,2.51,20916,0.0,5,0.5,8,0.2,6,2,,True,False,False,False,False,False,False,False,False,False,False
F0637,813.6871,23.42,11461,0.0,0,0.0,12,0.3,8,4,,True,False,False,False,False,False,False,False,False,False,False
F0638,716.5872,7.66,13015,0.0,0,0.0,4,0.1,4,0,,True,False,False,False,False,False,False,False,False,False,False
F0639,777.2279,5.4,16725,0.0,2,0.2,3,0.075,2,1,,True,False,False,False,False,False,False,False,False,False,False
F0640,549.5525,21.48,14371,0.0,0,0.0,2,0.05,2,0,,True,False,False,False,False,False,False,False,False,False,False
F0641,767.5856,9.32,12911,inf,0,0.0,0,0.0,0,0,,False,False,False,False,False,False,False,False,False,False,False
F0642,856.6971,30.31,9655,inf,0,0.0,0,0.0,0,0,,False,False,False,False,False,False,False,False,False,False,False
F0643,602.539,6.56,19014,inf,0,0.0,0,0.0,0,0,,False,False,False,False,False,False,False,False,False,False,False
F0644,557.2895,1.8,22961,0.0,0,0.0,11,0.275,7,4,,True,False,False,False,False,False,False,False,False,False,False
F0645,861.7807,31.88,10931,inf,0,0.0,0,0.0,0,0,,False,False,False,False,False,False,False,False,False,False,False
F0646,828.7947,29.2,12629,0.0,0,0.0,4,0.1,2,2,,True,False,False,False,False,False,False,False,False,False,False
F0647,921.7828,29.58,10164,inf,0,0.0,0,0.0,0,0,,False,False,False,False,False,False,False,False,False,False,False
F0648,729.5336,6.43,15339,0.0,0,0.0,4,0.1,0,4,,True,False,False,False,False,False,False,False,False,False,False
F0649,867.736,27.16,10811,inf,0,0.0,0,0.0,0,0,,False,False,False,False,False,False,False,False,False,False,False
F0650,250.1783,1.17,14088,0.0,0,0.0,9,0.225,7,2,,True,False,False,False,False,False,False,False,False,False,False
F0651,571.5205,7.8,14775,0.0,3,0.3,1,0.025,1,0,,True,False,False,False,False,False,False,False,False,False,False
F0652,629.189,2.97,20894,0.0,1,0.1,3,0.075,2,1,,True,False,False,False,False,False,False,False,False,False,False
F0653,923.796,30.64,10566,0.0,0,0.0,4,0.1,4,0,,True,False,False,False,False,False,False,False,False,False,False
F0654,729.5707,12.56,14202,inf,0,0.0,0,0.0,0,0,,False,False,False,False,False,False,False,False,False,False,False
F0655,760.6685,11.26,13004,inf,1,0.1,0,0.0,0,0,,False,False,False,False,False,False,False,False,False,False,False
F0656,304.2391,2.61,20331,0.0,6,0.6,8,0.2,6,2,,True,False,False,False,False,False,False,False,False,False,False
F0657,759.7139,9.3,15475,0.0,0,0.0,4,0.1,4,0,,True,False,False,False,False,False,False,False,False,False,False
F0658,905.2552,22.65,10183,0.0,0,0.0,2,0.05,1,1,,True,False,False,False,False,False,False,False,False,False,False
F0659,576.5135,25.05,14267,inf,0,0.0,0,0.0,0,0,,False,False,False,False,False,False,False,False,False,False,False
F0660,695.6091,15.1,11059,inf,0,0.0,0,0.0,0,0,,False,False,False,False,False,False,False,False,False,False,False
F0661,945.7804,29.73,10170,0.0,0,0.0,6,0.15,6,0,,True,False,False,False,False,False,False,False,False,False,False
F0662,902.8078,31.91,9404,0.0,0,0.0,3,0.075,2,1,,True,False,False,False,False,False,False,False,False,False,False
F0663,871.9039,29.35,11709,0.0,0,0.0,3,0.075,0,3,,True,False,False,False,False,False,False,False,False,False,False
F0664,795.5219,8.03,12592,inf,0,0.0,0,0.0,0,0,,False,False,False,False,False,False,False,False,False,False,False
F0665,323.1319,1.0,34192,0.0,0,0.0,1,0.025,0,1,,True,False,False,False,False,False,False,False,False,False,False
F0666,901.8141,26.46,9054,0.0,0,0.0,11,0.275,6,5,,True,False,False,False,False,False,False,False,False,False,False
F0667,772.6493,12.03,11081,inf,3,0.3,0,0.0,0,0,,False,False,False,False,False,False,False,False,False,False,False
F0668,354.2786,2.07,16552,0.0,8,0.8,6,0.15,6,0,,True,False,True,False,False,False,False,False,False,False,False
F0669,997.2867,12.34,8768,0.0,3,0.3,3,0.075,2,1,,True,False,False,False,False,False,False,False,False,False,False
F0670,771.5231,8.63,13481,0.0,0,0.0,1,0.025,1,0,,True,False,False,False,False,False,False,False,False,False,False
F0671,887.8008,28.56,16321,inf,1,0.1,0,0.0,0,0,,False,False,False,False,False,False,False,False,False,False,False
F0672,751.5548,10.61,14112,inf,0,0.0,0,0.0,0,0,,False,False,False,False,False,False,False,False,False,False,False
F0673,328.227,1.67,25704,inf,2,0.2,0,0.0,0,0,,False,False,False,False,False,False,False,False,False,False,False
F0674,302.2229,2.24,11522,0.0,8,0.8,14,0.35,10,4,,True,False,True,False,False,False,False,False,False,False,False
F0675,391.308,1.82,20931,inf,0,0.0,0,0.0,0,0,,False,False,False,False,False,False,False,False,False,False,False
F0676,428.3997,1.82,22693,inf,0,0.0,0,0.0,0,0,,False,False,False,False,False,False,False,False,False,False,False
F0677,238.2305,2.21,13650,0.0,10,1.0,11,0.275,11,0,,True,True,True,False,False,False,False,False,False,False,False
F0678,769.6003,9.88,12164,inf,0,0.0,0,0.0,0,0,,False,False,False,False,False,False,False,False,False,False,False
F0679,802.6969,14.83,10795,inf,0,0.0,0,0.0,0,0,,False,False,False,False,False,False,False,False,False,False,False
F0680,370.3199,1.6,18414,0.0,0,0.0,5,0.125,5,0,,True,False,False,False,False,False,False,False,False,False,False
F0681,979.2742,25.67,9657,0.0,0,0.0,2,0.05,1,1,,True,False,False,False,False,False,False,False,False,False,False
F0682,367.31,1.67,21669,inf,0,0.0,0,0.0,0,0,,False,False,False,False,False,False,False,False,False,False,False
F0683,876.7935,31.34,7818,0.0,0,0.0,3,0.075,2,1,,True,False,False,False,False,False,False,False,False,False,False
F0684,675.5809,10.39,12608,0.0,0,0.0,4,0.1,4,0,,True,False,False,False,False,False,False,False,False,False,False
F0685,700.5552,5.86,14318,0.0,0,0.0,4,0.1,4,0,,True,False,False,False,False,False,False,False,False,False,False
F0686,604.5454,7.54,16413,inf,0,0.0,0,0.0,0,0,,False,False,False,False,False,False,False,False,False,False,False
F0687,831.2356,19.55,9974,0.0,0,0.0,2,0.05,1,1,,True,False,False,False,False,False,False,False,False,False,False
F0688,826.6956,13.93,10905,inf,0,0.0,0,0.0,0,0,,False,False,False,False,False,False,False,False,False,False,False
F0689,864.664,27.21,9455,0.0,0,0.0,5,0.125,1,4,,True,False,False,False,False,False,False,False,False,False,False
F0690,995.3258,30.93,11693,0.0,0,0.0,2,0.05,2,0,,True,False,False,False,False,False,False,False,False,False,False
F0691,465.3245,2.61,22499,inf,0,0.0,0,0.0,0,0,,False,False,False,False,False,False,False,False,False,False,False
F0692,851.2476,7.3,13473,0.0,2,0.2,3,0.075,2,1,,True,False,False,False,False,False,False,False,False,False,False
F0693,741.5778,9.19,12572,0.0,0,0.0,2,0.05,2,0,,True,False,False,False,False,False,False,False,False,False,False
F0694,891.8283,29.29,9579,inf,0,0.0,0,0.0,0,0,,False,False,False,False,False,False,False,False,False,False,False
F0695,371.3412,1.57,14177,inf,0,0.0,0,0.0,0,0,,False,False,False,False,False,False,False,False,False,False,False
F0696,844.7559,30.87,12339,inf,1,0.1,0,0.0,0,0,,False,False,False,False,False,False,False,False,False,False,False
F0697,472.3943,8.69,15156,0.0,0,0.0,2,0.05,2,0,,True,False,False,False,False,False,False,False,False,False,False
F0698,836.6317,25.01,10251,0.0,0,0.0,7,0.175,4,3,,True,False,False,False,False,False,False,False,False,False,False
F0699,274.2155,1.59,12123,0.0,9,0.9,5,0.125,5,0,,True,False,True,False,False,False,False,False,False,False,False
F0700,538.4532,8.41,13006,inf,1,0.1,0,0.0,0,0,,False,False,False,False,False,False,False,False,False,False,False
F0701,949.8124,32.35,9300,0.0,0,0.0,4,0.1,4,0,,True,False,False,False,False,False,False,False,False,False,False
F0702,410.389,1.85,21740,inf,0,0.0,0,0.0,0,0,,False,False,False,False,False,False,False,False,False,False,False
F0703,753.6874,22.04,12417,0.0,0,0.0,1,0.025,0,1,,True,False,False,False,False,False,False,False,False,False,False
F0704,385.3209,1.35,11457,inf,0,0.0,0,0.0,0,0,,False,False,False,False,False,False,False,False,False,False,False
F0705,533.289,1.91,21226,0.0,0,0.0,2,0.05,2,0,,True,False,False,False,False,False,False,False,False,False,False
F0706,578.4339,9.7,13107,inf,2,0.2,0,0.0,0,0,,False,False,False,False,False,False,False,False,False,False,False
F0707,760.6486,11.44,10945,inf,2,0.2,0,0.0,0,0,,False,False,False,False,False,False,False,False,False,False,False
F0708,807.5808,8.86,10706,0.0,0,0.0,1,0.025,1,0,,True,False,False,False,False,False,False,False,False,False,False
F0709,592.5937,13.49,13122,0.0,0,0.0,2,0.05,2,0,,True,False,False,False,False,False,False,False,False,False,False
F0710,796.5883,10.48,13053,inf,0,0.0,0,0.0,0,0,,False,False,False,False,False,False,False,False,False,False,False
F0711,462.1252,1.83,19191,0.0,1,0.1,3,0.075,3,0,,True,False,False,False,False,False,False,False,False,False,False
F0712,304.2443,2.52,22619,inf,1,0.1,0,0.0,0,0,,False,False,False,False,False,False,False,False,False,False,False
F0713,812.8254,13.1,15898,0.0,0,0.0,1,0.025,1,0,,True,False,False,False,False,False,False,False,False,False,False
F0714,733.6257,19.43,10388,inf,0,0.0,0,0.0,0,0,,False,False,False,False,False,False,False,False,False,False,False
F0715,865.7192,26.1,9365,0.0,0,0.0,2,0.05,2,0,,True,False,False,False,False,False,False,False,False,False,False
F0716,747.523,8.92,13118,0.0,0,0.0,4,0.1,4,0,,True,False,False,False,False,False,False,False,False,False,False
F0717,800.596,5.84,11824,inf,0,0.0,0,0.0,0,0,,False,False,False,False,False,False,False,False,False,False,False
F0718,226.1585,1.35,23052,inf,0,0.0,0,0.0,0,0,,False,False,False,False,False,False,False,False,False,False,False
F0719,757.2168,16.29,9898,0.0,0,0.0,2,0.05,1,1,,True,False,False,False,False,False,False,False,False,False,False
F0720,574.4986,25.7,11717,inf,0,0.0,0,0.0,0,0,,False,False,False,False,False,False,False,False,False,False,False
F0721,688.5558,6.12,12836,0.0,0,0.0,4,0.1,3,1,,True,False,False,False,False,False,False,False,False,False,False
F0722,925.2662,9.65,11663,0.0,1,0.1,3,0.075,2,1,,True,False,False,False,False,False,False,False,False,False,False
F0723,614.4914,9.06,10398,0.0,0,0.0,4,0.1,4,0,,True,False,False,False,False,False,False,False,False,False,False
F0724,569.5433,5.4,13639,0.0,0,0.0,2,0.05,2,0,,True,False,False,False,False,False,False,False,False,False,False
F0725,749.54,9.38,11889,inf,0,0.0,0,0.0,0,0,,False,False,False,False,False,False,False,False,False,False,False
F0726,793.6013,9.88,10830,inf,0,0.0,0,0.0,0,0,,False,False,False,False,False,False,False,False,False,False,False
F0727,884.7294,2.57,16011,inf,1,0.1,0,0.0,0,0,,False,False,False,False,False,False,False,False,False,False,False
F0728,919.7677,28.94,9109,inf,0,0.0,0,0.0,0,0,,False,False,False,False,False,False,False,False,False,False,False
F0729,536.4827,8.03,12194,inf,2,0.2,0,0.0,0,0,,False,False,False,False,False,False,False,False,False,False,False
F0730,955.8598,29.36,8802,0.0,0,0.0,5,0.125,5,0,,True,False,False,False,False,False,False,False,False,False,False
F0731,920.1802,1.0,15722,0.0,0,0.0,4,0.1,4,0,,True,False,False,False,False,False,False,False,False,False,False
F0732,599.5514,9.64,12298,inf,1,0.1,0,0.0,0,0,,False,False,False,False,False,False,False,False,False,False,False
F0733,356.2743,2.54,10885,0.0,0,0.0,7,0.175,4,3,,True,False,False,False,False,False,False,False,False,False,False
F0734,298.2879,4.82,15019,0.0,0,0.0,6,0.15,6,0,,True,False,False,False,False,False,False,False,False,False,False
F0735,935.7951,27.22,9130,0.0,0,0.0,4,0.1,4,0,,True,False,False,False,False,False,False,False,False,False,False
F0736,743.6811,9.85,15807,inf,0,0.0,0,0.0,0,0,,False,False,False,False,False,False,False,False,False,False,False
F0737,286.2156,1.73,10998,0.0,2,0.2,7,0.175,3,4,,True,False,False,False,False,False,False,False,False,False,False
F0738,740.5276,6.84,13704,0.0,0,0.0,4,0.1,4,0,,True,False,False,False,False,False,False,False,False,False,False
F0739,732.619,9.34,12784,inf,0,0.0,0,0.0,0,0,,False,False,False,False,False,False,False,False,False,False,False
F0740,367.3111,1.4,12993,inf,0,0.0,0,0.0,0,0,,False,False,False,False,False,False,False,False,False,False,False
F0741,545.3496,1.95,18345,0.0,0,0.0,1,0.025,1,0,,True,False,False,False,False,False,False,False,False,False,False
F0742,831.7383,24.12,10345,0.0,0,0.0,1,0.025,1,0,,True,False,False,False,False,False,False,False,False,False,False
F0743,999.2845,12.35,9917,0.0,0,0.0,2,0.05,1,1,,True,False,False,False,False,False,False,False,False,False,False
F0744,782.6296,11.25,10886,inf,0,0.0,0,0.0,0,0,,False,False,False,False,False,False,False,False,False,False,False
F0745,781.7187,27.25,9422,0.0,0,0.0,1,0.025,1,0,,True,False,False,False,False,False,False,False,False,False,False
F0746,900.7201,28.42,11852,0.0,0,0.0,1,0.025,1,0,,True,False,False,False,False,False,False,False,False,False,False
F0747,257.1086,1.06,16222,0.0,0,0.0,1,0.025,0,1,,True,False,False,False,False,False,False,False,False,False,False
F0748,229.1687,1.11,14594,inf,0,0.0,0,0.0,0,0,,False,False,False,False,False,False,False,False,False,False,False
F0749,358.3102,2.76,14211,0.0,2,0.2,1,0.025,1,0,,True,False,False,False,False,False,False,False,False,False,False
F0750,300.2679,1.61,10449,inf,5,0.5,0,0.0,0,0,,False,False,False,False,False,False,False,False,False,False,False
F0751,328.2623,1.94,8566,0.0,5,0.5,1,0.025,1,0,,True,False,False,False,False,False,False,False,False,False,False
F0752,302.222,2.18,9067,0.0,0,0.0,3,0.075,3,0,,True,False,False,False,False,False,False,False,False,False,False
