feature_id,PC1,PC2,PC3,PC4,PC5
F0002,0.13440359124722775,-0.02279547213573276,-0.05537487534628674,-0.12523611488297484,-0.10947502056934333
F0003,0.08730046943841487,-0.14538618835412945,0.1008637367766619,-0.10529375934546314,-0.06420140180708674
F0004,0.09803830964691027,-0.16236365463040534,0.060696358170741316,0.03387833928565883,-0.01916067464872338
F0007,0.11083274640292158,-0.1371836389524882,0.016351057093791192,0.08972487081353352,0.030541648114538383
F0008,0.12485822630315857,0.01681220009497945,-0.14009974277664136,-0.11417263086744829,-0.05931102493325628
F0010,0.0974948688972471,-0.03886447031741463,0.08505329972763168,-0.1919484081386696,-0.24749607590039094
F0011,0.12245580909330836,-0.11110783826067633,-0.016122053074970465,0.05724519378585897,-0.00344298974279298
F0012,0.12091958026520212,0.056162293715249396,0.06381839114942499,-0.17632714141547823,0.10962600723261799
F0013,0.1020682525449136,0.13656509733552108,-0.1045346788435035,0.08677029929677703,-0.05107611928544526
F0014,0.09439288387381664,0.15293893541242978,-0.042631105778356757,0.05605891543792378,-0.05703599602653821
F0015,0.10562735443873134,-0.14055393144197595,0.0071843423414335895,0.09832639516267554,0.026517095200136065
F0016,0.12634225388967338,-0.1089174778885652,-0.029716251640212223,-0.03965270996899703,-0.0499902160188633
F0017,0.12648219243580677,-0.050241101946056105,-0.11693786196876076,0.03030836635958807,-0.04150813863341915
F0019,0.07265648050362745,-0.1493959588003437,0.15056915553062464,0.13843715220893207,0.010654618594887751
F0020,0.12486409550757668,0.07218129507195194,-0.020291511396405167,-0.04709871141686321,0.1488410036849142
F0021,0.12548586359804453,-0.07472775073087226,-0.056980067062012536,0.06196496588141844,-0.009031643577536852
F0022,0.1319026946621279,0.052932427404156206,-0.05317555236014879,-0.022457497703564328,0.1271231385102746
F0024,0.07610495555422649,-0.11842527791845497,0.1353890326071146,0.20783697668260454,-0.020209008517085066
F0026,0.12919318974017455,0.07826909702407578,0.05909278476168657,-0.08597459233492614,0.028312245241810453
F0027,0.09468577747213448,0.14923908276891293,-0.08144445612833838,0.11547164160590877,-0.02543782651087806
F0029,0.12314873675865153,0.012536797713110837,0.033198690680167744,-0.12658473888553265,0.16995715219568944
F0031,0.12560323319090824,0.011567015674023502,-0.1055960958284776,0.162963951583611,-0.041188432572099726
F0033,0.12394726151682887,0.0627961110269156,-0.13244739575307776,-0.05140098150096996,-0.03398276955477954
F0034,0.12816346377702334,-0.06012274944988758,-0.0238901624559323,-0.15052780532820745,-0.10624085902578492
F0036,0.09952379371563702,-0.12406646717638888,0.1134386654926053,0.14519410998135635,0.08251048369560861
F0037,0.07485434391894795,-0.18385378054416926,0.09076260364847678,0.03653029088906891,-0.019122921449571707
F0038,0.03716193436326961,-0.18477538559020487,0.1601406167093922,-0.08369222240429654,-0.036954303817696973
F0043,0.10262467309574301,-0.156356547091644,0.015239566795206447,-0.057553688273901706,-0.032135673613494224
F0044,0.13257565788439293,-0.0325013590905981,0.026830991966549624,-0.08437651309468698,0.14224140158819298
F0046,0.12633420595288197,-0.006581594545181608,-0.12972365753274423,-0.13138720237714585,-0.036131606139321926
F0047,0.09607819513530001,-0.1337782992112303,0.055592201508292284,0.15971143658330028,-0.02092620089943986
F0049,0.1349216364280395,0.02355457522678864,0.07734066663867384,-0.032059302617211606,0.07145125721093601
F0051,0.07635222943291473,-0.11053196961878221,0.14559006672688313,-0.16171623181159234,-0.1976669303169373
F0052,0.0948096921930513,0.05823471685408656,0.11697262704949414,-0.1707552949027447,0.1274008331254662
F0053,0.12211070242575127,0.06195939860343499,0.05568242527789986,-0.060158288371736875,0.11256556450670473
F0054,0.12654734088987268,-0.05916142402508853,-0.10220322680761434,0.048473972836162296,-0.04478769502229914
F0055,-0.04186696514434151,0.015500118143602451,0.06417351294723235,0.2197302570279357,0.16698161775795584
F0056,0.11733420637453788,0.11224105226702932,-0.02535644540252414,-0.0881660346555886,-0.10850753869397947
F0059,0.06365694469584941,0.007487883378381098,0.12915372021776447,-0.21653593030796356,0.284343234621788
F0060,0.11426520006056295,0.07342151035401609,0.04799826568641372,-0.17157586826361962,0.14987779959070663
F0061,0.09791236687251575,-0.03836810553930635,0.08343391121083582,0.16430251157148507,0.21631410213350652
F0063,0.10255358602437013,0.13417402709284754,-0.02731104706283988,0.08073763084034524,-0.0508410011406179
F0065,0.12038583526819797,-0.0898298952056067,-0.04272333781102116,0.05399853573244725,-0.01885857845471192
F0068,0.11066752299737391,-0.127044577709873,0.0192963886910701,-0.0696304750248885,-0.10655620152519249
F0069,0.09735634464873757,0.14198321543695336,-0.09448891494647838,0.11542779159500188,-0.04114401417358533
F0072,0.1175137737493088,0.10149135751748382,0.07208960587410686,0.019737017689850225,0.04309830096676453
F0074,0.1084253128627557,0.10727263299911062,0.10644135646644193,0.1203203714020123,0.028555705527686104
F0078,0.12331362404685978,-0.046192378775357146,-0.13255671038098205,0.05594757257280465,0.01785359355010274
F0081,0.13380860761238275,0.0009864173514628307,-0.10886254667825926,0.09021030119156458,-0.03043713819326568
F0090,0.10709980524292498,0.05699507340350724,0.04420726420247986,0.004076075823384968,0.08734409841239345
F0091,0.113284522358678,-0.07889552367301725,-0.08916011440817692,0.04686696356125248,0.00022888042628514717
F0097,0.08417251715881349,0.153265254600497,-0.04364111009593829,0.1659481061413557,-0.04574131411486199
F0098,-0.023182243252997746,0.15128602367490784,0.22652884973568424,0.05152053751103344,-0.14832598667930788
F0105,0.11371699806113511,0.09292381591924018,0.04550930571419519,-0.004200556176885071,0.04824606610946604
F0110,0.12405473761288173,0.0779851718100243,0.0037319566588689696,-0.060018765986483966,-0.11688944841629155
F0112,0.1127697997169287,0.094128274924879,-0.14187534116621156,-0.05158506604228898,-0.01714211351947444
F0118,0.0869648172489467,-0.10266429045800193,0.12014333741355927,0.17875990442896986,0.09798691408661861
F0119,0.10230958339108069,0.05732447302746767,0.13949744604787642,-0.178019190642272,0.11387410423442665
F0120,0.1201717184072606,0.04335546088942019,-0.13452077034396076,0.16016902146092749,0.009172380211971583
F0127,0.11133922858961282,0.039741433071854744,0.13467641215371787,-0.030938249184312615,0.14514982869186482
F0128,0.12337055834866671,-0.0370425670438197,0.009487536436063511,0.031937828079289965,0.03486942569857491
F0133,0.11931854332441053,0.10537758028852973,0.029505437500513123,0.11996831323813138,0.013791255472411978
F0136,0.13429715124600058,-0.04236972559699431,-0.003098626074514791,-0.04978940932014124,-0.165416802384396
F0139,0.10270650465227736,-0.13955766859294824,0.03853707560362129,0.06757335526181604,-0.03592184218992091
F0140,0.06426706374645005,-0.1259261860369598,0.1323983838619568,-0.0538614171890266,-0.14253659446610906
F0142,0.11853430707392484,-0.10919720181108611,0.0026986334359545452,0.07875950198592833,-0.054064718662101136
F0144,0.1160031620624065,-0.045917548430958834,0.08780142254541892,0.06779785670642026,-0.029661354315455885
F0150,0.1284338882874215,-0.05301583975934613,-0.06268266358578924,0.10455028575787254,-0.04658923627425536
F0155,0.12048966631318293,0.005232946706588029,-0.15376484836999704,-0.08004207802017416,-0.0855519511480692
F0156,0.07053224941572754,0.041456617600245035,-0.020307207646050065,0.08750123952818586,-0.08904551734099247
F0162,0.13726853641391454,0.02983262288180582,0.045293527156251095,-0.04265277847599991,0.017072739965177754
F0163,0.09014170145438004,-0.17393977156080373,0.03514179658503311,-0.03507118843749538,-0.058381252312811736
F0164,0.12442246405637668,0.036174506043834265,0.028959762574852128,-0.01819846614416524,0.1876258426511908
F0169,0.08774873864812247,-0.07622648535870602,0.1222883440418253,-0.13577084326193242,-0.25201551109937803
F0170,0.014953391238310743,0.19862122731455875,0.12480173886111519,0.004179912788220592,-0.029190010244741
F0178,-0.016802327431341725,0.17897870154163845,0.18160653351551848,0.008992181905033267,-0.143258837952067
F0185,0.1025584493397872,0.03331646119296905,0.0032657051972679748,-0.01780033157707927,0.30453697498139465
F0187,0.07672972124005642,0.07030313624117397,0.04683515762302342,-0.13464168618609465,-0.05997292315504455
F0191,0.10875064071526377,0.11991150948389888,-0.0003082753618053171,0.09321864583743414,-0.0646955337962805
F0192,-0.009750459434688198,0.1477982547333157,0.23001328125867482,0.09993825986383928,-0.12654978685468632
F0196,0.09782631923820596,0.13660705726531647,-0.07380395324471624,0.137171489024747,-0.046899837721726075
F0203,0.13263453582542825,0.04430017908510585,0.025354609203318307,-0.062019453864496706,0.1332691367483659
F0214,0.017538807402766268,-0.09160074846469586,0.11615440282611418,0.11047322963404659,0.043874596524374046
F0225,0.07833450702450821,0.17751769551541974,-0.03990053531994167,-0.051161764798426955,-0.08902904831910897
F0245,-0.026227649844699472,-0.10258503200205968,0.176243034030317,0.034328818409756004,0.08739649347597732
F0278,-0.0023484210808919037,0.12438756699775519,0.2723927246492572,0.082023024788789,-0.09127072919372896
F0286,0.09859187926601722,0.12053687885118647,-0.13766215405006776,-0.07842828204372046,0.0039698073102707706
F0335,-0.001151916166374644,0.1340756460656697,0.24889154275698783,0.059435296043754735,-0.1216838022059924
F0342,0.127664398102851,0.07794862788364576,0.018928118290554158,0.00423917223175499,-0.10704246577055451
F0353,0.060329489256716266,0.09947578276516064,0.1739206436411342,0.06776848980649011,0.020596920333400333
F0402,0.017801060740135207,0.10935791874042004,0.10908632424182661,0.0669355926736668,-0.062059404735409884
F0417,0.021271189580977058,0.16674319658494624,0.2031311882160101,-0.028888847696153335,-0.07855458113295985
F0538,0.0870406008502653,-0.05541288237168892,0.012604105324931636,0.09403815964693131,-0.09455755322569102
F0566,0.10256003650575869,0.048800764514048016,-0.023860640864210997,0.13565461286827496,-0.014455549128974366
