feature_id,n_paired_donors,mean_log2fc_M12_minus_M1,median_log2fc_M12_minus_M1,wilcoxon_p_paired,mann_whitney_p_unpaired,mean_log2_M1,mean_log2_M12,wilcoxon_q_bh,mann_whitney_q_bh,abs_mean_log2fc,mass_avg,rt_avg_min,qc_rsd_percent,borderline_rsd_20_30
F0052,5,-3.081469295672124,-3.8310824880138696,0.0625,0.007936507936507936,21.590383908629963,18.50891461295784,0.29375,0.1492063492063492,3.081469295672124,761.598,10.69,15.520142582817847,False
F0187,5,-2.350788319321638,-2.4329528368594566,0.0625,0.007936507936507936,19.69645227866801,17.34566395934637,0.29375,0.1492063492063492,2.350788319321638,633.2142,0.98,21.4507190161751,True
F0119,5,-1.7758013903481824,-1.2353369247499195,0.0625,0.05555555555555555,19.272917677172906,17.497116286824724,0.29375,0.3827676136928021,1.7758013903481824,809.5963,10.06,20.758376495647518,True
F0225,5,-1.7586052964502428,-1.5560201826042643,0.0625,0.057007942464885414,18.227950485799987,16.469345189349745,0.29375,0.3827676136928021,1.7586052964502428,912.8182,34.54,17.450508325084975,False
F0026,5,-1.6257089647018226,-1.2919918269949626,0.0625,0.015873015873015872,22.88017319964733,21.254464234945505,0.29375,0.21315192743764172,1.6257089647018226,812.6817,13.15,11.36922895872007,False
F0105,5,-1.5612305959798938,-1.7995942735589132,0.0625,0.015873015873015872,20.702824061691917,19.14159346571202,0.29375,0.21315192743764172,1.5612305959798938,523.366,2.34,25.40331614899954,True
F0162,5,-1.5599365834170715,-0.7571800792830921,0.0625,0.031746031746031744,19.043856654636027,17.483920071218957,0.29375,0.2984126984126984,1.5599365834170715,745.5656,11.24,19.29978632233283,False
F0012,5,-1.4375881223611109,-1.3830292860907818,0.0625,0.007936507936507936,24.211367209140825,22.77377908677971,0.29375,0.1492063492063492,1.4375881223611109,785.5977,10.04,18.740601918872045,False
F0072,5,-1.411864102553355,-1.0444985099997055,0.0625,0.031746031746031744,21.443359716136165,20.03149561358281,0.29375,0.2984126984126984,1.411864102553355,495.3345,1.91,24.91792921673802,True
F0097,5,-1.3213274667202288,-1.186758307679618,0.0625,0.2222222222222222,19.420750129852085,18.099422663131854,0.29375,0.632996632996633,1.3213274667202288,939.8296,30.08,11.846764959901911,False
F0342,5,-1.3182920602380577,-0.7962097890773343,0.0625,0.007936507936507936,18.177645603365484,16.85935354312743,0.29375,0.1492063492063492,1.3182920602380577,924.7588,33.96,12.95794438103331,False
F0027,5,-1.1867289664650074,-1.2348731125851025,0.0625,0.2222222222222222,21.7380106170846,20.551281650619593,0.29375,0.632996632996633,1.1867289664650074,880.7567,30.07,13.25337623522714,False
F0014,5,-1.151733906459531,-1.108957695592224,0.0625,0.09523809523809523,23.32360325283387,22.171869346374333,0.29375,0.44761904761904764,1.151733906459531,884.7881,32.73,12.21614467512146,False
F0196,5,-1.0758138499083887,-1.0880631517713866,0.0625,0.2222222222222222,18.61145928588423,17.53564543597584,0.29375,0.632996632996633,1.0758138499083887,920.7276,31.45,11.814956103754866,False
F0013,5,-1.0710650513372415,-1.0254847844793922,0.0625,0.30952380952380953,23.00605317874301,21.934988127405767,0.29375,0.6766334440753046,1.0710650513372415,882.7727,31.43,12.187028231653949,False
F0056,5,-0.9926590451664538,-0.8572379347045604,0.0625,0.031746031746031744,21.718353728132506,20.725694682966058,0.29375,0.2984126984126984,0.9926590451664538,886.8037,33.96,12.674329236359988,False
F0069,5,-0.895291051953896,-0.8831672757973656,0.0625,0.2222222222222222,20.931341624492596,20.0360505725387,0.29375,0.632996632996633,0.895291051953896,941.846,31.45,8.757504543559321,False
F0191,5,-0.8783788137401487,-0.7775372760170534,0.0625,0.09523809523809523,19.438514215153738,18.560135401413596,0.29375,0.44761904761904764,0.8783788137401487,922.7434,32.73,9.386607263529491,False
F0110,5,-0.8621939798785625,-0.6972229018337934,0.0625,0.007936507936507936,20.538988208314073,19.67679422843551,0.29375,0.1492063492063492,0.8621939798785625,945.8772,33.96,15.031616123797273,False
F0063,5,-0.8335573994160554,-0.7892069888891378,0.0625,0.09523809523809523,21.612031001041935,20.77847360162588,0.29375,0.44761904761904764,0.8335573994160554,943.8619,32.73,13.904181816845341,False
F0170,5,-2.53663503486251,-2.1675027062846564,0.125,0.04490858989614264,18.016586216827005,15.479951181964495,0.3790322580645161,0.3517839541864507,2.53663503486251,620.5406,13.5,28.369741347497325,True
F0127,5,-2.1822731357129235,-1.2927560732601506,0.125,0.09523809523809523,19.746465631348006,17.564192495635076,0.3790322580645161,0.44761904761904764,2.1822731357129235,705.5348,6.97,24.028451792718638,True
F0178,5,-1.7062067014447748,-1.9030078374012227,0.125,0.11607394330990008,18.555430402447378,16.849223701002604,0.3790322580645161,0.4959523032332094,1.7062067014447748,592.509,11.13,19.973028385891116,False
F0192,5,-1.658436905221393,-0.8914390844172608,0.125,0.24915263858192682,17.84475056493113,16.18631365970974,0.3790322580645161,0.6766334440753046,1.658436905221393,566.4933,10.4,22.299867570716508,True
F0335,5,-1.5106895940409544,-1.5981729482035867,0.125,0.10599754842494576,17.562575213324077,16.05188561928312,0.3790322580645161,0.474465216759281,1.5106895940409544,632.4805,12.64,24.208853536145398,True
F0060,5,-1.4700279152633775,-1.4055253184080385,0.125,0.09523809523809523,21.83932979403206,20.369301878768685,0.3790322580645161,0.44761904761904764,1.4700279152633775,702.5711,6.83,21.06948944463957,True
F0098,5,-1.4538209597548437,-0.9002063133364864,0.125,0.2222222222222222,19.504816564440898,18.050995604686058,0.3790322580645161,0.632996632996633,1.4538209597548437,594.525,12.64,16.034934436785598,False
F0417,5,-1.4098119672015195,-1.7011797681889238,0.125,0.04490858989614264,16.94353329119229,15.533721323990772,0.3790322580645161,0.3517839541864507,1.4098119672015195,630.4647,11.13,15.84980242840966,False
F0278,5,-1.209246299916117,-1.0155060097285826,0.125,0.07463918305560845,17.668756366001908,16.45951006608579,0.3790322580645161,0.44761904761904764,1.209246299916117,653.5984,12.64,25.05709967043336,True
F0286,5,-0.6443249117161273,-0.6810929555064291,0.125,0.30952380952380953,18.338229728138316,17.693904816422183,0.3790322580645161,0.6766334440753046,0.6443249117161273,892.6959,29.36,11.735362389122287,False
F0112,5,-0.4786238575118652,-0.45590755894069446,0.125,0.42063492063492064,20.537469904949692,20.058846047437825,0.3790322580645161,0.7752878929349517,0.4786238575118652,913.8141,29.35,10.735176976752618,False
F0133,5,-1.137718822757241,-0.7582390194333186,0.1875,0.15079365079365079,20.044295027101697,18.906576204344457,0.55078125,0.5906084656084656,1.137718822757241,521.3503,2.04,29.123661731941336,True
F0055,5,2.07508212127102,3.087251960117328,0.25,0.2903468336607644,18.309783973901745,20.38486609517276,0.625,0.6766334440753046,2.07508212127102,802.7096,28.04,10.58856991432822,False
F0353,5,-1.256568791616381,-1.1912014545061744,0.25,0.16123759183401642,16.828923757333733,15.572354965717352,0.625,0.6062533452959018,1.256568791616381,904.7555,30.37,20.565282440798917,True
F0074,5,-1.164544876640266,-0.7920248714006064,0.3125,0.2222222222222222,21.364324091906106,20.199779215265835,0.625,0.632996632996633,1.164544876640266,519.3346,1.8,22.082886977029638,True
F0120,5,-0.9129360303107241,-0.9407004985892868,0.3125,0.6904761904761905,19.6330674694728,18.720131439162074,0.625,0.9272108843537414,0.9129360303107241,798.6776,24.99,19.528308492042783,False
F0136,5,-0.8714594140712613,-0.30102328860552063,0.3125,0.42063492063492064,18.48815181623226,17.616692402161,0.625,0.7752878929349517,0.8714594140712613,872.7871,33.0,23.433488938817888,True
F0022,5,-0.8414468200506263,-1.0877365103384946,0.3125,0.2222222222222222,22.589711030336126,21.748264210285498,0.625,0.632996632996633,0.8414468200506263,814.6973,15.28,10.262107166313593,False
F0203,5,-0.7779716657962801,-0.4747920332754134,0.3125,0.42063492063492064,19.161289906914863,18.38331824111858,0.625,0.7752878929349517,0.7779716657962801,674.5394,5.45,10.786230865872495,False
F0031,5,-0.741239681065128,-0.46858557189471384,0.3125,0.8412698412698413,21.962139840789103,21.220900159723975,0.625,1.0,0.741239681065128,800.6935,26.53,26.914610315885934,True
F0164,5,-0.693808218079765,-0.39190019684190247,0.3125,0.30952380952380953,19.10018683572658,18.406378617646816,0.625,0.6766334440753046,0.693808218079765,758.6338,10.89,22.17407495175344,True
F0059,5,-0.6169468450968821,-0.6173874216264323,0.3125,0.42063492063492064,21.35565248657266,20.738705641475775,0.625,0.7752878929349517,0.6169468450968821,203.1167,1.08,14.661677332990667,False
F0033,5,-0.5283361255245268,-0.2568296505431036,0.3125,0.5476190476190477,22.499446697253994,21.97111057172946,0.625,0.8724778046811946,0.5283361255245268,854.7408,29.36,13.984973861018243,False
F0002,5,-0.4400227179822501,-0.14056762591739513,0.3125,0.42063492063492064,25.048242166839653,24.608219448857405,0.625,0.7752878929349517,0.4400227179822501,858.7724,32.06,10.773441904454499,False
F0008,5,-0.3782655108125873,-0.10525319697595137,0.3125,0.5476190476190477,24.320010759593693,23.941745248781103,0.625,0.8724778046811946,0.3782655108125873,856.7568,30.73,11.999726882465971,False
F0046,5,-0.2530682345712229,-0.07755307281323454,0.3125,0.30952380952380953,22.247362624599464,21.994294390028237,0.625,0.6766334440753046,0.2530682345712229,915.8304,30.73,9.927657065594833,False
F0034,5,-0.248733863955173,-0.10403063023104409,0.3125,0.30952380952380953,22.73877756846597,22.490043704510793,0.625,0.6766334440753046,0.248733863955173,917.8462,32.05,7.337096131140382,False
F0054,5,-1.1214604588091703,-0.21854231759371245,0.4375,0.6904761904761905,20.484160593164326,19.36270013435516,0.6970338983050848,0.9272108843537414,1.1214604588091703,692.5985,20.19,12.899622926243289,False
F0078,5,-0.8279643384828702,-0.24498178130981074,0.4375,0.8412698412698413,19.815211297582795,18.987246959099924,0.6970338983050848,1.0,0.8279643384828702,718.6146,20.93,21.048837112567387,True
F0021,5,-0.7912906958013053,-0.10112434545871096,0.4375,0.30952380952380953,22.064288031745864,21.27299733594456,0.6970338983050848,0.6766334440753046,0.7912906958013053,720.6306,22.6,13.859915146189103,False
F0065,5,-0.712757844219891,-0.2198849927196065,0.4375,0.30952380952380953,20.621934750109226,19.909176905889336,0.6970338983050848,0.6766334440753046,0.712757844219891,779.7043,22.6,12.916715028041015,False
F0053,5,-0.6412970854082772,-0.5217686089474256,0.4375,0.42063492063492064,21.397360882240264,20.756063796831988,0.6970338983050848,0.7752878929349517,0.6412970854082772,758.6345,10.56,14.260141656802784,False
F0020,5,-0.5190426324686037,-0.7851514654853666,0.4375,0.5476190476190477,22.739644555511582,22.22060192304297,0.6970338983050848,0.8724778046811946,0.5190426324686037,786.666,12.83,11.25829961166482,False
F0091,5,-0.40927645537962365,-0.27456172773037224,0.4375,0.6904761904761905,19.797244915679435,19.38796846029981,0.6970338983050848,0.9272108843537414,0.40927645537962365,805.7198,23.38,13.158687683371609,False
F0010,5,-0.33594248061937293,-0.2240640636050486,0.4375,0.15079365079365079,22.463793199476527,22.127850718857154,0.6970338983050848,0.5906084656084656,0.33594248061937293,860.7881,33.31,11.506496268654763,False
F0169,5,-0.19821110855045135,-0.17120543873299,0.4375,0.2222222222222222,18.6383927354039,18.440181626853448,0.6970338983050848,0.632996632996633,0.19821110855045135,898.7433,33.31,11.858035875262377,False
F0155,5,-0.1774067352215951,-0.03683407801872818,0.4375,0.8412698412698413,20.08684716676069,19.909440431539096,0.6970338983050848,1.0,0.1774067352215951,894.712,30.72,10.626764461222212,False
F0051,5,-0.16981278746844525,-0.1522388300808828,0.4375,0.42063492063492064,20.991301277852884,20.82148849038444,0.6970338983050848,0.7752878929349517,0.16981278746844525,919.8618,33.31,8.331422315370176,False
F0566,5,-0.11379922312439632,-0.00855364982990281,0.4375,1.0,16.975062852136965,16.86126362901257,0.6970338983050848,1.0,0.11379922312439632,569.5422,5.62,10.923649716944697,False
F0144,5,-0.6267573602920009,-1.0397009104008283,0.625,0.5476190476190477,17.38154240412005,16.75478504382805,0.8901515151515151,0.8724778046811946,0.6267573602920009,897.7822,30.73,17.954746796136035,False
F0029,5,-0.5853200119373518,-0.10898846430208664,0.625,0.42063492063492064,22.591943510277048,22.006623498339696,0.8901515151515151,0.7752878929349517,0.5853200119373518,757.566,8.09,10.026084756735457,False
F0044,5,-0.5427302883680625,-0.23075939042478666,0.625,0.6904761904761905,21.561149023535894,21.018418735167828,0.8901515151515151,0.9272108843537414,0.5427302883680625,743.5507,9.91,18.094853684483848,False
F0090,5,-0.3792680494642987,-0.4221360045012119,0.625,0.5476190476190477,19.73415163178661,19.35488358232231,0.8901515151515151,0.8724778046811946,0.3792680494642987,800.6809,14.05,10.809915708192584,False
F0185,5,-0.21102455963402278,-0.5789772768900541,0.625,0.30952380952380953,19.39583458106475,19.184810021430728,0.8901515151515151,0.6766334440753046,0.21102455963402278,231.1482,1.1,17.9482925700967,False
F0139,5,-0.1860899960396644,-0.001941317088853367,0.625,0.5476190476190477,19.494240327553516,19.30815033151385,0.8901515151515151,0.8724778046811946,0.1860899960396644,814.649,27.23,19.93559506305726,False
F0140,5,0.01803886780703188,0.6191555121329806,0.625,1.0,17.37075706931388,17.38879593712091,0.8901515151515151,1.0,0.01803886780703188,863.7981,32.19,20.07376006040632,True
F0049,5,-1.0391807266236064,0.007527339376569131,0.8125,0.5476190476190477,21.784413821084986,20.74523309446138,0.9429012345679012,0.8724778046811946,1.0391807266236064,783.5819,8.68,13.780001971742777,False
F0061,5,-0.6325571841196215,0.19299982110851488,0.8125,0.834035229790992,19.514494814293368,18.881937630173745,0.9429012345679012,1.0,0.6325571841196215,666.583,19.17,17.569650663341257,False
F0081,5,-0.5517412544229472,0.015895121311150007,0.8125,1.0,20.27904816531979,19.727306910896843,0.9429012345679012,1.0,0.5517412544229472,826.7091,27.21,24.29045470962349,True
F0150,5,-0.49330084316267175,0.0366917152522781,0.8125,1.0,19.60946986611598,19.116169022953304,0.9429012345679012,1.0,0.49330084316267175,840.6647,27.97,23.29124743354142,True
F0142,5,-0.4153214158117201,0.2172667940123958,0.8125,0.6904761904761905,19.31961655908129,18.904295143269568,0.9429012345679012,0.9272108843537414,0.4153214158117201,786.6177,24.97,16.792300831513096,False
F0011,5,-0.4091475877844665,0.24788517681664857,0.8125,0.5476190476190477,22.9923503439839,22.583202756199434,0.9429012345679012,0.8724778046811946,0.4091475877844665,748.6623,24.97,13.570937223061291,False
F0118,5,-0.31230465968999005,0.5754276621721139,0.8125,0.6904761904761905,18.26623202346076,17.953927363770767,0.9429012345679012,0.9272108843537414,0.31230465968999005,725.6567,19.17,18.637842186800434,False
F0036,5,-0.24854121473144275,0.5885166207827375,0.8125,0.8412698412698413,20.687371105625367,20.438829890893924,0.9429012345679012,1.0,0.24854121473144275,694.6146,21.69,16.487009944389854,False
F0017,5,-0.21533977333408458,0.36098592319854816,0.8125,0.6904761904761905,22.4553334029221,22.23999362958802,0.9429012345679012,0.9272108843537414,0.21533977333408458,828.7253,28.66,25.654775346460067,True
F0128,5,-0.2114463104681171,0.6343432110542189,0.8125,0.8412698412698413,19.051351245135994,18.839904934667878,0.9429012345679012,1.0,0.2114463104681171,741.5345,8.58,15.932505424529648,False
F0007,5,-0.17198503656894742,0.3672337131858967,0.8125,0.6904761904761905,23.441922455579977,23.26993741901103,0.9429012345679012,0.9272108843537414,0.17198503656894742,776.6937,27.23,14.313081965646163,False
F0038,5,0.1676859814958398,0.17054844603153185,0.8125,1.0,21.090634170473542,21.258320151969382,0.9429012345679012,1.0,0.1676859814958398,891.8304,31.36,7.903029086513859,False
F0156,5,-0.11814681572925138,-0.01776917191707028,0.8125,1.0,19.799752955548968,19.681606139819714,0.9429012345679012,1.0,0.11814681572925138,896.7278,32.03,15.85575475528036,False
F0245,5,0.11315395661913925,0.5261850502663918,0.8125,1.0,17.726683043973928,17.83983700059307,0.9429012345679012,1.0,0.11315395661913925,870.7136,31.35,12.840912448972663,False
F0538,5,0.07556915660209,0.05439902065645086,0.8125,0.6904761904761905,17.146951559627723,17.222520716229813,0.9429012345679012,0.9272108843537414,0.07556915660209,566.3502,2.02,15.002754517473118,False
F0068,5,-0.2464446284062717,0.18868511378424202,1.0,0.8412698412698413,19.381434972546582,19.134990344140313,1.0,1.0,0.2464446284062717,844.7561,31.07,14.011350057636282,False
F0016,5,-0.19213365816130476,0.2639592506233157,1.0,1.0,23.69151058741283,23.499376929251525,1.0,1.0,0.19213365816130476,830.7411,30.06,12.753236523907244,False
F0047,5,-0.14497191509885213,0.2759630104297166,1.0,0.8412698412698413,21.09372210995562,20.94875019485677,1.0,1.0,0.14497191509885213,807.736,24.97,16.181385256939883,False
F0019,5,0.10450652404202003,0.26058903023426083,1.0,1.0,20.817748431072356,20.922254955114376,1.0,1.0,0.10450652404202003,750.6776,26.45,16.504115932586767,False
F0402,5,0.09847894891909022,-0.0042540914498125915,1.0,0.6904761904761905,17.68634834521306,17.78482729413215,1.0,0.9272108843537414,0.09847894891909022,527.3879,2.03,16.560775153526006,False
F0037,5,0.07678810287368379,0.23785903413000042,1.0,1.0,21.2315469910714,21.308335093945082,1.0,1.0,0.07678810287368379,863.7986,29.34,10.46195464907055,False
F0043,5,-0.06967257621275351,0.22505940556679604,1.0,1.0,21.777445348130048,21.70777277191729,1.0,1.0,0.06967257621275351,889.8147,30.05,10.91066236808816,False
F0004,5,0.06590888444202889,0.46078831701784395,1.0,1.0,22.93933810063187,23.0052469850739,1.0,1.0,0.06590888444202889,804.7251,29.34,12.272247409391994,False
F0024,5,0.05512430215398467,0.19571849539192243,1.0,1.0,20.45270803229638,20.507832334450363,1.0,1.0,0.05512430215398467,722.6462,24.11,17.196395046541262,False
F0214,5,0.051298654205618986,-0.4493220036636849,1.0,0.6904761904761905,18.2984682245117,18.349766878717322,1.0,0.9272108843537414,0.051298654205618986,842.6813,29.34,11.189924032191335,False
F0015,5,0.04846576366144504,0.41735757627313674,1.0,0.8412698412698413,21.941555701898004,21.990021465559447,1.0,1.0,0.04846576366144504,774.6779,25.73,18.609321134909653,False
F0163,5,0.011207936671003439,0.2584379942588164,1.0,1.0,19.447749818413364,19.458957755084366,1.0,1.0,0.011207936671003439,868.6963,30.04,10.728299807274949,False
F0003,5,-0.010303284182307238,0.2238944203263813,1.0,1.0,23.039010107101383,23.02870682291908,1.0,1.0,0.010303284182307238,832.7567,31.37,11.534972572199178,False
